Datum des Eintrags,Stockname,Standortname,Brutraumzargenformat,Honigraumzargenformat,Beutentyp,Stocktyp,Position am Stand,Notizen Stock,Notizen Eintrag,Sichtungen,Weiselzellen,Bebrütete Waben,Besetzte Waben,Leerwaben (gegeben/genommen),Mittelwände (gegeben/genommen),Brutwaben (gegeben/genommen),Futterwaben (gegeben/genommen),Baurahmen (gegeben/genommen),Zählmethode,Gezählte Milben,Zählzeitraum (Tage),Medikament,Anwendungsmethode,Biotechnische Maßnahme,Medikamentenmenge,Behandlungsdauer,Behandelnde Person,Bewertung Volksstärke,Bewertung Sanftmut,Bewertung Schwarmtrieb,Bewertung Wabensitz,Bewertung Futtermenge,Ernte,Ernte Rähmchenanzahl,Geerntete Menge (kg),Honigtyp,Futtertyp,Futtermenge,Gewicht,Wiegemethode
27.04.24 20:50,Volk 1,Zwirle 1,Zander,Zander flach (159mm),Liebig / Hohenheimer Einfachbeute,Ableger,1,"27.04.2024 Ableger 3 und 4 gebildet aus Volk 1
27.04.2025 Königin aus Weiselprobe von Volk 4 gezogen.",Als Ableger gebildet,Weiselzellen; Stifte; Larven; Verdeckelte Brut,,2,2,,,,,,,,,,,,,,,0.0,,,,1.0,Nein,,,,,,,
19.05.24 20:50,Volk 1,Zwirle 1,Zander,Zander flach (159mm),Liebig / Hohenheimer Einfachbeute,Ableger,1,"27.04.2024 Ableger 3 und 4 gebildet aus Volk 1
27.04.2025 Königin aus Weiselprobe von Volk 4 gezogen.",Königin markiert,Königin; Stifte; Larven,,2,2,1,1,,,,,,,,,,,,,0.0,,,,1.0,Nein,,,,,,,
04.06.24 20:50,Volk 1,Zwirle 1,Zander,Zander flach (159mm),Liebig / Hohenheimer Einfachbeute,Ableger,1,"27.04.2024 Ableger 3 und 4 gebildet aus Volk 1
27.04.2025 Königin aus Weiselprobe von Volk 4 gezogen.",,Stifte; Larven; Verdeckelte Brut,,2,3,4,4,,,,,,,,,,,,,1.0,,,,2.0,Nein,,,,,,,
15.06.24 20:50,Volk 1,Zwirle 1,Zander,Zander flach (159mm),Liebig / Hohenheimer Einfachbeute,Ableger,1,"27.04.2024 Ableger 3 und 4 gebildet aus Volk 1
27.04.2025 Königin aus Weiselprobe von Volk 4 gezogen.",Wildbad entfernt,Stifte; Larven; Verdeckelte Brut,,,,,,,,,,,,,,,,,,,,,,,Nein,,,,,,,
22.06.24 20:50,Volk 1,Zwirle 1,Zander,Zander flach (159mm),Liebig / Hohenheimer Einfachbeute,Ableger,1,"27.04.2024 Ableger 3 und 4 gebildet aus Volk 1
27.04.2025 Königin aus Weiselprobe von Volk 4 gezogen.",Von zuhause in Wald umgesiedelt ,,,,,,,,,,,,,,,,,,,,,,,,Nein,,,,,,,
01.07.24 21:00,Volk 1,Zwirle 1,Zander,Zander flach (159mm),Liebig / Hohenheimer Einfachbeute,Ableger,1,"27.04.2024 Ableger 3 und 4 gebildet aus Volk 1
27.04.2025 Königin aus Weiselprobe von Volk 4 gezogen.",,Stifte; Larven; Verdeckelte Brut,,4,4,2,2,,,,,,,,,,,,,2.0,,,,2.0,Nein,,,,,,,
29.07.24 21:00,Volk 1,Zwirle 1,Zander,Zander flach (159mm),Liebig / Hohenheimer Einfachbeute,Ableger,1,"27.04.2024 Ableger 3 und 4 gebildet aus Volk 1
27.04.2025 Königin aus Weiselprobe von Volk 4 gezogen.",,Königin; Stifte; Larven; Verdeckelte Brut,,5,5,,,,,,,,,,,,,,,2.0,,,,2.0,Nein,,,,,,,
03.08.24 21:00,Volk 1,Zwirle 1,Zander,Zander flach (159mm),Liebig / Hohenheimer Einfachbeute,Ableger,1,"27.04.2024 Ableger 3 und 4 gebildet aus Volk 1
27.04.2025 Königin aus Weiselprobe von Volk 4 gezogen.",,,,,,,,,,,,,,Ameisensäure 60 Bernburg 684 mg/ml Lösung,Nassenheider Verdunster,,,,,,,,,,Nein,,,,,,,
11.09.24 21:00,Volk 1,Zwirle 1,Zander,Zander flach (159mm),Liebig / Hohenheimer Einfachbeute,Ableger,1,"27.04.2024 Ableger 3 und 4 gebildet aus Volk 1
27.04.2025 Königin aus Weiselprobe von Volk 4 gezogen.",,,,,,,,,,,Gemülldiagnose,13,1,,,,,,,,,,,,Nein,,,,,,,
12.09.24 21:00,Volk 1,Zwirle 1,Zander,Zander flach (159mm),Liebig / Hohenheimer Einfachbeute,Ableger,1,"27.04.2024 Ableger 3 und 4 gebildet aus Volk 1
27.04.2025 Königin aus Weiselprobe von Volk 4 gezogen.",,,,,,,,,,,Gemülldiagnose,14,1,,,,,,,,,,,,Nein,,,,,,,
15.09.24 21:10,Volk 1,Zwirle 1,Zander,Zander flach (159mm),Liebig / Hohenheimer Einfachbeute,Ableger,1,"27.04.2024 Ableger 3 und 4 gebildet aus Volk 1
27.04.2025 Königin aus Weiselprobe von Volk 4 gezogen.",,,,,,,,,,,Gemülldiagnose,6,1,,,,,,,,,,,,Nein,,,,,,,
16.09.24 21:10,Volk 1,Zwirle 1,Zander,Zander flach (159mm),Liebig / Hohenheimer Einfachbeute,Ableger,1,"27.04.2024 Ableger 3 und 4 gebildet aus Volk 1
27.04.2025 Königin aus Weiselprobe von Volk 4 gezogen.",,,,,,,,,,,Gemülldiagnose,21,2,,,,,,,,,,,,Nein,,,,,,,
22.09.24 21:00,Volk 1,Zwirle 1,Zander,Zander flach (159mm),Liebig / Hohenheimer Einfachbeute,Ableger,1,"27.04.2024 Ableger 3 und 4 gebildet aus Volk 1
27.04.2025 Königin aus Weiselprobe von Volk 4 gezogen.",Ameisensäure von 2. Behandlung entfernt,Verdeckelte Brut,,5,5,,,,,,Gemülldiagnose,,,,,,,,,2.0,1.0,,,2.0,Nein,,,,,,,
30.09.24 21:10,Volk 1,Zwirle 1,Zander,Zander flach (159mm),Liebig / Hohenheimer Einfachbeute,Ableger,1,"27.04.2024 Ableger 3 und 4 gebildet aus Volk 1
27.04.2025 Königin aus Weiselprobe von Volk 4 gezogen.",,,,,,,,,,,Gemülldiagnose,10,1,,,,,,,,,,,,Nein,,,,,,,
07.10.24 21:10,Volk 1,Zwirle 1,Zander,Zander flach (159mm),Liebig / Hohenheimer Einfachbeute,Ableger,1,"27.04.2024 Ableger 3 und 4 gebildet aus Volk 1
27.04.2025 Königin aus Weiselprobe von Volk 4 gezogen.",,,,,,,,,,,Gemülldiagnose,20,1,,,,,,,,,,,,Nein,,,,,,,
14.12.24 21:10,Volk 1,Zwirle 1,Zander,Zander flach (159mm),Liebig / Hohenheimer Einfachbeute,Ableger,1,"27.04.2024 Ableger 3 und 4 gebildet aus Volk 1
27.04.2025 Königin aus Weiselprobe von Volk 4 gezogen.",Volk eher schwächer,,,,,,,,,,,,,"Oxalsäuredihydrat-Lösung 3,5 % ad us. vet.",,,,,,,,,,,Nein,,,,,,,
26.01.25 12:00,Volk 2,Zwirle 1,Zander,Zander flach (159mm),Liebig / Hohenheimer Einfachbeute,Wirtschaftsvolk,,ca 30.05.2025 umgeweiselt,"Aktivität im Volk erkennbar
Nach 2 wärmeren Tagen, relativ viele tote Bienen vor Stock (ca 20-30)
Vor Stock alles gesäubert und neuen Sand aufgebracht",,,,,,,,,,,,,,,,,,,,,,,,Nein,,,,,,,
26.01.25 12:00,Volk 3,Zwirle 1,Zander,Zander flach (159mm),Liebig / Hohenheimer Einfachbeute,Ableger,,im Juni 2025 vermutlich still umgeweiselt,"Aktivität im Volk erkennbar
Nach 2 wärmeren Tagen, relativ viele tote Bienen vor Stock (ca 40)
Vor Stock alles gesäubert und neuen Sand aufgebracht",,,,,,,,,,,,,,,,,,,,,,,,Nein,,,,,,,
26.01.25 12:00,Volk 4,Zwirle 1,Zander,Zander flach (159mm),Liebig / Hohenheimer Einfachbeute,Wirtschaftsvolk,,vermutlich im Juni 2025 umgeweiselt,"Aktivität im Volk erkennbar
Nach 2 wärmeren Tagen, relativ viele tote Bienen vor Stock (ca 40)
Vor Stock alles gesäubert und neuen Sand aufgebracht",,,,,,,,,,,,,,,,,,,,,,,,Nein,,,,,,,
26.01.25 21:10,Volk 1,Zwirle 1,Zander,Zander flach (159mm),Liebig / Hohenheimer Einfachbeute,Ableger,1,"27.04.2024 Ableger 3 und 4 gebildet aus Volk 1
27.04.2025 Königin aus Weiselprobe von Volk 4 gezogen.","Aktivität im Volk erkennbar.
20-30 tote Bienen nach einigen schönen Tagen vor Stock.",,,,,,,,,,,,,,,,,,,,,,,,Nein,,,,,,,
31.01.25 12:00,Volk 2,Zwirle 1,Zander,Zander flach (159mm),Liebig / Hohenheimer Einfachbeute,Wirtschaftsvolk,,ca 30.05.2025 umgeweiselt,viel Gemüll,,,,,,,,,,,,,,,,,,,,,,,,Nein,,,,,,18.4,einseitig
31.01.25 12:00,Volk 3,Zwirle 1,Zander,Zander flach (159mm),Liebig / Hohenheimer Einfachbeute,Ableger,,im Juni 2025 vermutlich still umgeweiselt,,,,,,,,,,,,,,,,,,,,,,,,,Nein,,,,,,18.9,einseitig
31.01.25 12:00,Volk 4,Zwirle 1,Zander,Zander flach (159mm),Liebig / Hohenheimer Einfachbeute,Wirtschaftsvolk,,vermutlich im Juni 2025 umgeweiselt,,,,,,,,,,,,,,,,,,,,,,,,,Nein,,,,,,19.5,einseitig
31.01.25 21:10,Volk 1,Zwirle 1,Zander,Zander flach (159mm),Liebig / Hohenheimer Einfachbeute,Ableger,1,"27.04.2024 Ableger 3 und 4 gebildet aus Volk 1
27.04.2025 Königin aus Weiselprobe von Volk 4 gezogen.","Viel Gemütlichkeit, Windel erneuert",,,,,,,,,,,,,,,,,,,,,,,,Nein,,,,,,17.0,einseitig
23.02.25 12:00,Volk 2,Zwirle 1,Zander,Zander flach (159mm),Liebig / Hohenheimer Einfachbeute,Wirtschaftsvolk,,ca 30.05.2025 umgeweiselt,"viel Gemüll
weniger Flugbetrieb",,,,,,,,,,,,,,,,,,,,,,,,Nein,,,,,,18.5,einseitig
23.02.25 12:00,Volk 4,Zwirle 1,Zander,Zander flach (159mm),Liebig / Hohenheimer Einfachbeute,Wirtschaftsvolk,,vermutlich im Juni 2025 umgeweiselt,"viel Gemüll
viel Flugbetrieb",,,,,,,,,,,,,,,,,,,,,,,,Nein,,,,,,19.7,einseitig
23.02.25 12:00,Volk 3,Zwirle 1,Zander,Zander flach (159mm),Liebig / Hohenheimer Einfachbeute,Ableger,,im Juni 2025 vermutlich still umgeweiselt,"viel Gemüll
weniger Flugbetrieb",,,,,,,,,,,,,,,,,,,,,,,,Nein,,,,,,19.3,einseitig
23.02.25 21:10,Volk 1,Zwirle 1,Zander,Zander flach (159mm),Liebig / Hohenheimer Einfachbeute,Ableger,1,"27.04.2024 Ableger 3 und 4 gebildet aus Volk 1
27.04.2025 Königin aus Weiselprobe von Volk 4 gezogen.","Viel Gemüll
Windel erneuert
Viel Flugbetrieb
",,,,,,,,,,,,,,,,,,,,,,,,Nein,,,,,,18.0,einseitig
24.02.25 12:00,Volk 4,Zwirle 1,Zander,Zander flach (159mm),Liebig / Hohenheimer Einfachbeute,Wirtschaftsvolk,,vermutlich im Juni 2025 umgeweiselt,Gemüll ok,,,,,,,,,,,,,,,,,,,,,,,,Nein,,,,,,19.27,einseitig
24.02.25 12:00,Volk 2,Zwirle 1,Zander,Zander flach (159mm),Liebig / Hohenheimer Einfachbeute,Wirtschaftsvolk,,ca 30.05.2025 umgeweiselt,Gemüll ok,,,,,,,,,,,,,,,,,,,,,,,,Nein,,,,,,18.76,einseitig
24.02.25 21:20,Volk 1,Zwirle 1,Zander,Zander flach (159mm),Liebig / Hohenheimer Einfachbeute,Ableger,1,"27.04.2024 Ableger 3 und 4 gebildet aus Volk 1
27.04.2025 Königin aus Weiselprobe von Volk 4 gezogen.",Gemütlichkeit ok,,,,,,,,,,,,,,,,,,,,,,,,Nein,,,,,,18.06,einseitig
24.02.25 23:00,Volk 3,Zwirle 1,Zander,Zander flach (159mm),Liebig / Hohenheimer Einfachbeute,Ableger,,im Juni 2025 vermutlich still umgeweiselt,Gemüll relativ wenig,,,,,,,,,,,,,,,,,,,,,,,,Nein,,,,,,19.24,einseitig
27.02.25 12:00,Volk 3,Zwirle 1,Zander,Zander flach (159mm),Liebig / Hohenheimer Einfachbeute,Ableger,,im Juni 2025 vermutlich still umgeweiselt,,,,,,,,,,,,,,,,,,,,,,,,,Nein,,,,,,18.0,einseitig
27.02.25 12:00,Volk 4,Zwirle 1,Zander,Zander flach (159mm),Liebig / Hohenheimer Einfachbeute,Wirtschaftsvolk,,vermutlich im Juni 2025 umgeweiselt,,,,,,,,,,,,,,,,,,,,,,,,,Nein,,,,,,19.8,einseitig
27.02.25 12:00,Volk 2,Zwirle 1,Zander,Zander flach (159mm),Liebig / Hohenheimer Einfachbeute,Wirtschaftsvolk,,ca 30.05.2025 umgeweiselt,,,,,,,,,,,,,,,,,,,,,,,,,Nein,,,,,,18.1,einseitig
27.02.25 21:20,Volk 1,Zwirle 1,Zander,Zander flach (159mm),Liebig / Hohenheimer Einfachbeute,Ableger,1,"27.04.2024 Ableger 3 und 4 gebildet aus Volk 1
27.04.2025 Königin aus Weiselprobe von Volk 4 gezogen.",,,,,,,,,,,,,,,,,,,,,,,,,Nein,,,,,,17.5,einseitig
04.03.25 12:00,Volk 2,Zwirle 1,Zander,Zander flach (159mm),Liebig / Hohenheimer Einfachbeute,Wirtschaftsvolk,,ca 30.05.2025 umgeweiselt,"Viel Gemüll
Flugloch vergrößert
starker Polleneintrag",,,,,,,,,,,,,,,,,,,,,,,,Nein,,,,,,18.3,einseitig
04.03.25 12:00,Volk 3,Zwirle 1,Zander,Zander flach (159mm),Liebig / Hohenheimer Einfachbeute,Ableger,,im Juni 2025 vermutlich still umgeweiselt,"wenig Gemüll
4 Wabengassen besetzt
starker Polleneintrag",,,,,,,,,,,,,,,,,,,,,,,,Nein,,,,,,18.5,einseitig
04.03.25 12:00,Volk 4,Zwirle 1,Zander,Zander flach (159mm),Liebig / Hohenheimer Einfachbeute,Wirtschaftsvolk,,vermutlich im Juni 2025 umgeweiselt,"Wenig Gemüll
4 Wabengassen belegt
starker Polleneintrag",,,,,,,,,,,,,,,,,,,,,,,,Nein,,,,,,19.0,einseitig
04.03.25 21:20,Volk 1,Zwirle 1,Zander,Zander flach (159mm),Liebig / Hohenheimer Einfachbeute,Ableger,1,"27.04.2024 Ableger 3 und 4 gebildet aus Volk 1
27.04.2025 Königin aus Weiselprobe von Volk 4 gezogen.","Viel Gemüll
Windel gereinigt
Flugloch vergrößert, starker Polleneintrag",,,,,,,,,,,,,,,,,,,,,,,,Nein,,,,,,17.4,einseitig
09.03.25 12:00,Volk 2,Zwirle 1,Zander,Zander flach (159mm),Liebig / Hohenheimer Einfachbeute,Wirtschaftsvolk,,ca 30.05.2025 umgeweiselt,,Stifte; Verdeckelte Brut; Larven,,,,,,,,,,,,,,,,,,,,,,2.0,Nein,,,,,,17.8,einseitig
09.03.25 12:00,Volk 4,Zwirle 1,Zander,Zander flach (159mm),Liebig / Hohenheimer Einfachbeute,Wirtschaftsvolk,,vermutlich im Juni 2025 umgeweiselt,,Stifte; Larven; Verdeckelte Brut,,,,,,,,,,,,,,,,,,,,,,2.0,Nein,,,,,,18.4,einseitig
09.03.25 12:00,Volk 3,Zwirle 1,Zander,Zander flach (159mm),Liebig / Hohenheimer Einfachbeute,Ableger,,im Juni 2025 vermutlich still umgeweiselt,Flugloch vergrößert,,,,,,,,,,,,,,,,,,,,,,,2.0,Nein,,,,,,17.8,einseitig
09.03.25 21:20,Volk 1,Zwirle 1,Zander,Zander flach (159mm),Liebig / Hohenheimer Einfachbeute,Ableger,1,"27.04.2024 Ableger 3 und 4 gebildet aus Volk 1
27.04.2025 Königin aus Weiselprobe von Volk 4 gezogen.",Boden sauber ohne Tote Bienen,Stifte; Larven; Verdeckelte Brut,,,,,,,,,,,,,,,,,,2.0,,,,2.0,Nein,,,,,,17.1,einseitig
22.03.25 12:00,Volk 3,Zwirle 1,Zander,Zander flach (159mm),Liebig / Hohenheimer Einfachbeute,Ableger,,im Juni 2025 vermutlich still umgeweiselt,"gut Gemüll
geschätzt 4-5 Wabengassen belegt
Windel nass",,,,,,,,,,,,,,,,,,,,,,,,Nein,,,,,,17.5,einseitig
22.03.25 12:00,Volk 2,Zwirle 1,Zander,Zander flach (159mm),Liebig / Hohenheimer Einfachbeute,Wirtschaftsvolk,,ca 30.05.2025 umgeweiselt,"Viel Gemüll
geschätzt 7 Wabengassen belegt",,,,,,,,,,,,,,,,,,,,,,,,Nein,,,,,,17.7,einseitig
22.03.25 12:00,Volk 4,Zwirle 1,Zander,Zander flach (159mm),Liebig / Hohenheimer Einfachbeute,Wirtschaftsvolk,,vermutlich im Juni 2025 umgeweiselt,"gut Gemüll
geschätzt 4-5 Wabengassen belegt",,,,,,,,,,,,,,,,,,,,,,,,Nein,,,,,,18.0,einseitig
22.03.25 21:20,Volk 1,Zwirle 1,Zander,Zander flach (159mm),Liebig / Hohenheimer Einfachbeute,Ableger,1,"27.04.2024 Ableger 3 und 4 gebildet aus Volk 1
27.04.2025 Königin aus Weiselprobe von Volk 4 gezogen.",viel Gemüll,Stifte; Larven; Verdeckelte Brut,,,6,,,,,,,,,,,,,,,,,,,,Nein,,,,,,18.0,einseitig
05.04.25 12:00,Volk 3,Zwirle 1,Zander,Zander flach (159mm),Liebig / Hohenheimer Einfachbeute,Ableger,,im Juni 2025 vermutlich still umgeweiselt,"frischer Nektar eingetragen
Ameisen im Windelschieber",Stifte; Larven; Verdeckelte Brut,,,,,,,,,,,,,,,,,,,,,,1.0,Nein,,,,,,16.6,einseitig
05.04.25 12:00,Volk 2,Zwirle 1,Zander,Zander flach (159mm),Liebig / Hohenheimer Einfachbeute,Wirtschaftsvolk,,ca 30.05.2025 umgeweiselt,frischer Nektar eingetragen,Stifte; Larven; Verdeckelte Brut,,,,,,,,,,,,,,,,,,,,,,1.0,Nein,,,,,,17.2,einseitig
05.04.25 12:00,Volk 4,Zwirle 1,Zander,Zander flach (159mm),Liebig / Hohenheimer Einfachbeute,Wirtschaftsvolk,,vermutlich im Juni 2025 umgeweiselt,"Drohnenrahmen gut ausgebaut - teils verdeckelt
1 Futterwabe entnommen
Flugkeil vergrößert
Ameisen im Windelschieber",Stifte; Larven; Verdeckelte Brut; Königin,,,,,,,,,,,,,,,,,,,,,,2.0,Nein,,,,,,16.8,einseitig
05.04.25 21:20,Volk 1,Zwirle 1,Zander,Zander flach (159mm),Liebig / Hohenheimer Einfachbeute,Ableger,1,"27.04.2024 Ableger 3 und 4 gebildet aus Volk 1
27.04.2025 Königin aus Weiselprobe von Volk 4 gezogen.","Windel gereinigt
Futterwabe entnommen
Futterwaben nach außen und Leerewaben zur Mitte geschoben.",Stifte; Larven; Verdeckelte Brut; Weiselzellen,3,3,8,1,1,,-1,,,,,,,,,,,2.0,,2.0,,2.0,Nein,,,,,,16.6,einseitig
14.04.25 12:00,Volk 4,Zwirle 1,Zander,Zander flach (159mm),Liebig / Hohenheimer Einfachbeute,Wirtschaftsvolk,,vermutlich im Juni 2025 umgeweiselt,"Drohnenrahmen in unterer Brutzarge eingesetzt
Honigraum angenommen
Viel Gemüll
Kirsche, Birne, Zwetschge blühen - Raps beginnt zu blühen
Mittags wurde Raps gespritzt",Stifte; Larven; Verdeckelte Brut,,,,,,,,,,,,,,,,,,,,,,2.0,Nein,,,,,,,
14.04.25 12:00,Volk 3,Zwirle 1,Zander,Zander flach (159mm),Liebig / Hohenheimer Einfachbeute,Ableger,,im Juni 2025 vermutlich still umgeweiselt,"
Drohnenrahmen in unterer Brutzarge eingesetzt
Honigraum ungenutzt
Viel Gemüll
Kirsche, Birne, Zwetschge blühen - Raps beginnt zu blühen
Mittags wurde Raps gespritzt",Stifte; Larven; Verdeckelte Brut,,,,,,,,,,,,,,,,,,,,,,2.0,Nein,,,,,,,
14.04.25 12:00,Volk 2,Zwirle 1,Zander,Zander flach (159mm),Liebig / Hohenheimer Einfachbeute,Wirtschaftsvolk,,ca 30.05.2025 umgeweiselt,"Drohnenrahmen in unterer Brutzarge eingesetzt
Honigraum ungenutzt
Viel Gemüll
Kirsche, Birne, Zwetschge blühen - Raps beginnt zu blühen
Mittags wurde Raps gespritzt",Stifte; Larven; Verdeckelte Brut,,,,,,,-1,,,,,,,,,,,,,,,2.0,Nein,,,,,,,
14.04.25 21:40,Volk 1,Zwirle 1,Zander,Zander flach (159mm),Liebig / Hohenheimer Einfachbeute,Ableger,1,"27.04.2024 Ableger 3 und 4 gebildet aus Volk 1
27.04.2025 Königin aus Weiselprobe von Volk 4 gezogen.","Eine Futterwabe für Drohnenrahmen entnommen
Nur auslaufende Brut
Bis auf eine Weiselzelle alle zerstört
",Verdeckelte Brut; Weiselzellen,,2,6,,,,-1,1,,,,,,,,,,1.0,,,,2.0,Nein,,,,,,,
19.04.25 12:00,Volk 2,Zwirle 1,Zander,Zander flach (159mm),Liebig / Hohenheimer Einfachbeute,Wirtschaftsvolk,,ca 30.05.2025 umgeweiselt,"Drohnenrahmen von unterem Brutraum in oberen Brutraum gesetzt
Honigraum nicht angenommen
Apfelbaum im Garten beginnt zu blühen",Stifte; Larven; Verdeckelte Brut,,,,,,,,,,,,,,,,,,,,,,2.0,Nein,,,,,,,
19.04.25 12:00,Volk 1,Zwirle 1,Zander,Zander flach (159mm),Liebig / Hohenheimer Einfachbeute,Ableger,1,"27.04.2024 Ableger 3 und 4 gebildet aus Volk 1
27.04.2025 Königin aus Weiselprobe von Volk 4 gezogen.","nicht reingeschaut
Apfelbaum im Garten beginnt zu blühen",,,,,,,,,,,,,,,,,,,,,,,,Nein,,,,,,,
19.04.25 12:00,Volk 4,Zwirle 1,Zander,Zander flach (159mm),Liebig / Hohenheimer Einfachbeute,Wirtschaftsvolk,,vermutlich im Juni 2025 umgeweiselt,"Drohnenrahmen von unterer Brutzarge in obere gesetzt
Honigraum wenig angenommen
Apfelbaum im Garten beginnt zu blühen",Stifte; Larven; Verdeckelte Brut; Königin,,,,,,,,,,,,,,,,,,,,,,,Nein,,,,,,,
19.04.25 12:00,Volk 3,Zwirle 1,Zander,Zander flach (159mm),Liebig / Hohenheimer Einfachbeute,Ableger,,im Juni 2025 vermutlich still umgeweiselt,"Drohnenrahmen von unterem Brutraum in oberen gesetzt
Honigraum nicht angenommen
Apfelbaum beginnt zu blühen",Stifte; Larven; Verdeckelte Brut,,,,,,,,,,,,,,,,,,,,,,2.0,Nein,,,,,,,
27.04.25 12:00,Volk 4,Zwirle 1,Zander,Zander flach (159mm),Liebig / Hohenheimer Einfachbeute,Wirtschaftsvolk,,vermutlich im Juni 2025 umgeweiselt,"Brutwabe für Volk 1 entnommen
luftdurchlässige Folie über Honigraum eingesetzt, da sehr viel Feuchtigkeit im Stock",Stifte; Larven; Verdeckelte Brut,,,,,,-1,,,,,,,,Drohnenbrutschneiden,,,,,,,,3.0,Nein,,,,,,,
27.04.25 12:00,Volk 3,Zwirle 1,Zander,Zander flach (159mm),Liebig / Hohenheimer Einfachbeute,Ableger,,im Juni 2025 vermutlich still umgeweiselt,"Viel Honig in beiden Brutzargen
Honigraum leicht angenommen
luftdurchlässige Folie über Honigraum, da viel Feuchtigkeit im Stock",Stifte; Larven; Verdeckelte Brut,,,,,,,,,,,,,,Drohnenbrutschneiden,,,,,,,,3.0,Nein,,,,,,,
27.04.25 12:00,Volk 2,Zwirle 1,Zander,Zander flach (159mm),Liebig / Hohenheimer Einfachbeute,Wirtschaftsvolk,,ca 30.05.2025 umgeweiselt,"2. Halbzarge aufgesetzt
luftdurchlässige Folie über Honigraum, da sehr viel Feuchtigkeit im Stock",Stifte; Larven; Verdeckelte Brut,,,,,,,,,,,,,,Drohnenbrutschneiden,,,,,,,,2.0,Nein,,,,,,,
27.04.25 21:30,Volk 1,Zwirle 1,Zander,Zander flach (159mm),Liebig / Hohenheimer Einfachbeute,Ableger,1,"27.04.2024 Ableger 3 und 4 gebildet aus Volk 1
27.04.2025 Königin aus Weiselprobe von Volk 4 gezogen.","Keine frische Brut
Brutwabe aus Volk 4 als Weiselprobe gegeben
Drohnenrahmen leer
Honigraum nicht angenommen - entfernt 
Absperrgitter zwischen oberer und unterer Vollzarge eingesetzt
Sehr viel Feuchtigkeit im Stock - luftdurchlässige Abdeckung eingesetzt",,,,5,,,1,,,,,,,,,,,,1.0,,,,2.0,Nein,,,,,,,
03.05.25 12:00,Volk 3,Zwirle 1,Zander,Zander flach (159mm),Liebig / Hohenheimer Einfachbeute,Ableger,,im Juni 2025 vermutlich still umgeweiselt,"Sehr viel Honig in Brutraum2
2 Brutwaben für Ableger 5 ohne Weiselzelle entnommen
Weiselzellen entfernt
Drohnenrahmen gut ausgebaut
Honigraum wenig eingelagert
Honigwaben in 1. Brutraum umgesetzt, in der Hoffnung, dass Brut in Brutraum 2 ""verlagert"" wird",Stifte; Larven; Verdeckelte Brut; Weiselzellen,,,,,,-2,,,,,,,,,,,,,,,,3.0,Nein,,,,,,,
03.05.25 12:00,Volk 4,Zwirle 1,Zander,Zander flach (159mm),Liebig / Hohenheimer Einfachbeute,Wirtschaftsvolk,,vermutlich im Juni 2025 umgeweiselt,"Brutwabe mit Weiselzelle für Ableger 6 entnommen
Weiselzellen zerstört
Drohnenrahmen gut ausgebaut, nicht geschnitten
Honigraum ok",Stifte; Larven; Verdeckelte Brut; Weiselzellen,,,,,,,,,,,,,,,,,,,,,,2.0,Nein,,,,,,,
03.05.25 12:00,Volk 6,Zwirle 1,Zander,Zander flach (159mm),Liebig / Hohenheimer Einfachbeute,Ableger,,03.05.2025 Ableger gebildet,"Ableger mit 1 Futter- und 1 Brutwabe aus Volk 4 gebildet
Volk nach Hause genommen",,,,,,,,,,,,,,,,,,,,,,,,Nein,,,,,,,
03.05.25 12:00,Volk 2,Zwirle 1,Zander,Zander flach (159mm),Liebig / Hohenheimer Einfachbeute,Wirtschaftsvolk,,ca 30.05.2025 umgeweiselt,"Nur Kippkontrolle
Spielnäpfchen entfernt
Drohnenrahmen gut ausgebaut
Honigraum gut angenommen",Stifte; Larven; Verdeckelte Brut,,,,,,,,,,,,,,,,,,,,,,,Nein,,,,,,,
03.05.25 13:00,Volk 5,Zwirle 1,Zander,Zander flach (159mm),Liebig / Hohenheimer Einfachbeute,Ableger,,03.05.2025 Ableger gebildet,"1 Futterwabe und 2 Brutwaben aus Volk genommen und Ableger gebildet
Volk mit nach Hause genommen",,,,,,,,,,,,,,,,,,,,,,,,Nein,,,,,,,
11.05.25 12:00,Volk 4,Zwirle 1,Zander,Zander flach (159mm),Liebig / Hohenheimer Einfachbeute,Wirtschaftsvolk,,vermutlich im Juni 2025 umgeweiselt,"Königin für Königinnenableger - Ableger 8 - entnommen
1 Futter- und 1 Brutwabe für Ableger 8 entnommen
Honigraum gut
Weiselzellen bis auf 2 zerstört",Königin; Stifte; Larven; Verdeckelte Brut; Weiselzellen,,,,,,-1,-1,,,,,,,,,,,,,,,2.0,Nein,,,,,,,
11.05.25 12:00,Volk 2,Zwirle 1,Zander,Zander flach (159mm),Liebig / Hohenheimer Einfachbeute,Wirtschaftsvolk,,ca 30.05.2025 umgeweiselt,"Viel Honigwaben in 2. Brutraum
1 Futterwabe für Ableger 7 entnommen
1 Brutwabe mit Weiselzelle für Ableger 7 entnommen
Honigraum 50%
Schieber entnommen, da unter Deckel nass und schimmelig",Stifte; Larven; Verdeckelte Brut; Weiselzellen,,,,,,-1,-1,,,,,,,Drohnenbrutschneiden,,,,2.0,,,,2.0,Nein,,,,,,,
11.05.25 12:00,Volk 8,Zwirle 1,Zander,Zander flach (159mm),Liebig / Hohenheimer Einfachbeute,Sonstiges,,"11.05.2025 Königinnenableger
Evtl 2025 still umgeweiselt?",Ableger 8 mit Futter- und Brutwabe aus Volk 4 gebildet - Königinnenableger,,,,,,,,,,,,,,,,,,,,,,,,Nein,,,,,,,
11.05.25 12:00,Volk 7,Zwirle 1,Zander,Zander flach (159mm),Liebig / Hohenheimer Einfachbeute,Ableger,,"11.05.2025 Ableger gebildet
25.06.2025 Neustart mit Königin aus Zuchtstoff von Belegstelle.",Ableger 7 mit Futter- und Brutwabe gebildet und nach Hause genommen,,,,,,,,,,,,,,,,,,,,,,,,Nein,,,,,,,
11.05.25 12:00,Volk 3,Zwirle 1,Zander,Zander flach (159mm),Liebig / Hohenheimer Einfachbeute,Ableger,,im Juni 2025 vermutlich still umgeweiselt,"Viel Honigwaben in 2. Brutraum
Weiselzellen zerstört
Honigraum eher schwach eingetragen",Stifte; Larven; Verdeckelte Brut; Weiselzellen,,,,,,,,,,,,,,Drohnenbrutschneiden,,,,,,,,,Nein,,,,,,,
17.05.25 12:00,Volk 3,Zwirle 1,Zander,Zander flach (159mm),Liebig / Hohenheimer Einfachbeute,Ableger,,im Juni 2025 vermutlich still umgeweiselt,"Honigraum max 20%
Weiselzellen zerstört
Unter Deckel schimmelig - Schieber entfernt",Stifte; Larven; Verdeckelte Brut; Weiselzellen,,,,,,,,,,,,,,,,,,,,,,2.0,Nein,,,,,,,
17.05.25 12:00,Volk 8,Zwirle 1,Zander,Zander flach (159mm),Liebig / Hohenheimer Einfachbeute,Sonstiges,,"11.05.2025 Königinnenableger
Evtl 2025 still umgeweiselt?","vor 1 Woche dieses Volk mit Königinnenableger gebildet
wenig Brut",Stifte; Larven; Verdeckelte Brut,,,,,,,,,,,,,,,,,,0.0,,,,2.0,Nein,,,,,,,
17.05.25 12:00,Volk 2,Zwirle 1,Zander,Zander flach (159mm),Liebig / Hohenheimer Einfachbeute,Wirtschaftsvolk,,ca 30.05.2025 umgeweiselt,"Weiselzellen zerstört
Honigraum ca 20%
unter Deckel schimmelig - Schieber entfernt",Stifte; Larven; Verdeckelte Brut; Weiselzellen,,,,,,,,,,,,,,,,,,,,,,2.0,Nein,,,,,,,
17.05.25 13:00,Volk 4,Zwirle 1,Zander,Zander flach (159mm),Liebig / Hohenheimer Einfachbeute,Wirtschaftsvolk,,vermutlich im Juni 2025 umgeweiselt,"4 Weiselzellen gelassen verdeckelt vorhanden
Honigraum wenig eingetragen
unter Deckel schimmelig - Schieber entfernt",Verdeckelte Brut; Weiselzellen,,,,,,,,,,,,,,,,,,,,,,2.0,Nein,,,,,,,
17.05.25 21:40,Volk 1,Zwirle 1,Zander,Zander flach (159mm),Liebig / Hohenheimer Einfachbeute,Ableger,1,"27.04.2024 Ableger 3 und 4 gebildet aus Volk 1
27.04.2025 Königin aus Weiselprobe von Volk 4 gezogen.",Honigraum Halbzarge gegeben da voll,Stifte; Larven; Verdeckelte Brut,,2,5,,,,,,,,,,,,,,,,,,,,Nein,,,,,,,
24.05.25 12:00,Volk 2,Zwirle 1,Zander,Zander flach (159mm),Liebig / Hohenheimer Einfachbeute,Wirtschaftsvolk,,ca 30.05.2025 umgeweiselt,"Honigraum Halbzarge
Brutraum 1 und 2 getauscht, da extrem viel Honig im Brutraum",,,,,,,,,,,,,,,,,,,,,,,,Ja,7,,Frühtracht,,,,
24.05.25 12:00,Volk 4,Zwirle 1,Zander,Zander flach (159mm),Liebig / Hohenheimer Einfachbeute,Wirtschaftsvolk,,vermutlich im Juni 2025 umgeweiselt,,,,,,,,,,,,,,,,,,,,,,,,,Ja,5,,Frühtracht,,,,
24.05.25 12:00,Volk 6,Zwirle 1,Zander,Zander flach (159mm),Liebig / Hohenheimer Einfachbeute,Ableger,,03.05.2025 Ableger gebildet,"Königin gekennzeichnet
Volk auf 2 Futterwaben und 4 Brutwaben",Königin,,,,,,,,,,,,,,,,,,,,,,1.0,Nein,,,,,,,
24.05.25 12:00,Volk 5,Zwirle 1,Zander,Zander flach (159mm),Liebig / Hohenheimer Einfachbeute,Ableger,,03.05.2025 Ableger gebildet,"Königin gekennzeichnet
Volk auf 2 Futterwaben und 5 Brutwaben",Königin; Stifte,,,,,,,,,,,,,,,,,,,,,,,Nein,,,,,,,
24.05.25 12:00,Volk 3,Zwirle 1,Zander,Zander flach (159mm),Liebig / Hohenheimer Einfachbeute,Ableger,,im Juni 2025 vermutlich still umgeweiselt,Honigraum Halbzarge,,,,,,,,,,,,,,,,,,,,,,,,Ja,5,,Frühtracht,,,,
24.05.25 12:00,Volk 8,Zwirle 1,Zander,Zander flach (159mm),Liebig / Hohenheimer Einfachbeute,Sonstiges,,"11.05.2025 Königinnenableger
Evtl 2025 still umgeweiselt?","Königin ohne Kennzeichnung gesehen...
Alte Marke verloren, oder still umgeweiselt?
wenig Brut und Eier",Königin; Stifte; Larven; Verdeckelte Brut,,,,,,,,,,,,,,,,,,,,,,,Nein,,,,,,,
24.05.25 21:40,Volk 1,Zwirle 1,Zander,Zander flach (159mm),Liebig / Hohenheimer Einfachbeute,Ableger,1,"27.04.2024 Ableger 3 und 4 gebildet aus Volk 1
27.04.2025 Königin aus Weiselprobe von Volk 4 gezogen.",,,,,,,,,,,,,,,,,,,,,,,,,Ja,7,,Frühtracht,,,,
30.05.25 12:00,Volk 4,Zwirle 1,Zander,Zander flach (159mm),Liebig / Hohenheimer Einfachbeute,Wirtschaftsvolk,,vermutlich im Juni 2025 umgeweiselt,"keine Königin gesehen
keine Brut
offene Weiselzellen
Honig auch in Drohnenrahmen mit eingelagert",Weiselzellen,,,,,,,,,,,,,,Drohnenbrutschneiden,,,,,,,,2.0,Nein,,,,,,,
30.05.25 12:00,Volk 3,Zwirle 1,Zander,Zander flach (159mm),Liebig / Hohenheimer Einfachbeute,Ableger,,im Juni 2025 vermutlich still umgeweiselt,Absperrgitter drin,Stifte; Verdeckelte Brut,,,,,,,,,,,,,,,,,,,,,,2.0,Nein,,,,,,,
30.05.25 12:00,Volk 8,Zwirle 1,Zander,Zander flach (159mm),Liebig / Hohenheimer Einfachbeute,Sonstiges,,"11.05.2025 Königinnenableger
Evtl 2025 still umgeweiselt?",Volk auf 4 Rähmchen,Stifte; Larven; Verdeckelte Brut,,,,,,,,,,,,,,,,,,,,,,1.0,Nein,,,,,,,
30.05.25 12:00,Volk 2,Zwirle 1,Zander,Zander flach (159mm),Liebig / Hohenheimer Einfachbeute,Wirtschaftsvolk,,ca 30.05.2025 umgeweiselt,"keine frische Brut
Königin nicht gesehen
Weiselzelle gelassen
Absperrgitter drin",Verdeckelte Brut; Weiselzellen,,,,,,,,,,,,,,,,,,,,,,2.0,Nein,,,,,,,
30.05.25 21:50,Volk 1,Zwirle 1,Zander,Zander flach (159mm),Liebig / Hohenheimer Einfachbeute,Ableger,1,"27.04.2024 Ableger 3 und 4 gebildet aus Volk 1
27.04.2025 Königin aus Weiselprobe von Volk 4 gezogen.",,Stifte; Larven; Verdeckelte Brut,,8,10,,,,,,,,,,,Drohnenbrutschneiden,,,,2.0,,,,2.0,Nein,,,,,,,
06.06.25 12:00,Volk 7,Zwirle 1,Zander,Zander flach (159mm),Liebig / Hohenheimer Einfachbeute,Ableger,,"11.05.2025 Ableger gebildet
25.06.2025 Neustart mit Königin aus Zuchtstoff von Belegstelle.","Volk jetzt auf 4 Rähmchen
Windelschieber raus",Stifte,,,,,1,,,,,,,,,,,,,,,,,1.0,Nein,,,,,,,
06.06.25 12:00,Volk 5,Zwirle 1,Zander,Zander flach (159mm),Liebig / Hohenheimer Einfachbeute,Ableger,,03.05.2025 Ableger gebildet,"Volk jetzt auf 8 Rähmchen
Windelschieber raus",Königin; Stifte; Larven; Verdeckelte Brut,,,,,1,,,,,,,,,,,,,,,,,1.0,Nein,,,,,,,
06.06.25 12:00,Volk 8,Zwirle 1,Zander,Zander flach (159mm),Liebig / Hohenheimer Einfachbeute,Sonstiges,,"11.05.2025 Königinnenableger
Evtl 2025 still umgeweiselt?",Volk jetzt auf 5 Rähmchen,Stifte; Larven; Verdeckelte Brut,,,,,1,,,,,,,,,,,,,,,,,1.0,Nein,,,,,,,
06.06.25 12:00,Volk 6,Zwirle 1,Zander,Zander flach (159mm),Liebig / Hohenheimer Einfachbeute,Ableger,,03.05.2025 Ableger gebildet,"Königin gezeichnet
Volk jetzt auf 6 Rähmchen
Windelschieber raus",Königin; Stifte; Larven; Verdeckelte Brut,,,,,1,,,,,,,,,,,,,,,,,1.0,Nein,,,,,,,
06.06.25 12:00,Volk 3,Zwirle 1,Zander,Zander flach (159mm),Liebig / Hohenheimer Einfachbeute,Ableger,,im Juni 2025 vermutlich still umgeweiselt,keine Königin und keine Brut gesehen,,,,,,,,,,,,,,,,,,,,,,,2.0,Nein,,,,,,,
06.06.25 21:50,Volk 1,Zwirle 1,Zander,Zander flach (159mm),Liebig / Hohenheimer Einfachbeute,Ableger,1,"27.04.2024 Ableger 3 und 4 gebildet aus Volk 1
27.04.2025 Königin aus Weiselprobe von Volk 4 gezogen.",2 Brutwaben für Volk4 entnommen,Stifte; Larven; Verdeckelte Brut,,8,10,,,-2,,,,,,,,,,,,2.0,,,,2.0,Nein,,,,,,,
06.06.25 22:30,Volk 4,Zwirle 1,Zander,Zander flach (159mm),Liebig / Hohenheimer Einfachbeute,Wirtschaftsvolk,,vermutlich im Juni 2025 umgeweiselt,keine Königin und keine Brut gesehen,,,,,,,1,,,,,,,,,,,,,,,,2.0,Nein,,,,,,,
13.06.25 12:00,Volk 2,Zwirle 1,Zander,Zander flach (159mm),Liebig / Hohenheimer Einfachbeute,Wirtschaftsvolk,,ca 30.05.2025 umgeweiselt,Königin gezeichnet,Stifte; Königin,,,,,,,,,,,,,,,,,,,,,,1.0,Nein,,,,,,,
13.06.25 12:00,Volk 5,Zwirle 1,Zander,Zander flach (159mm),Liebig / Hohenheimer Einfachbeute,Ableger,,03.05.2025 Ableger gebildet,Volk jetzt auf 10 Waben und in Wald gebracht,Stifte; Larven; Verdeckelte Brut,,,,,1,,,1,,,,,,,,,,,,,,,Nein,,,,,,,
13.06.25 12:00,Volk 8,Zwirle 1,Zander,Zander flach (159mm),Liebig / Hohenheimer Einfachbeute,Sonstiges,,"11.05.2025 Königinnenableger
Evtl 2025 still umgeweiselt?",Volk auf 6 Rähmchen,Stifte; Larven; Verdeckelte Brut,,,,,1,,,,,,,,,,,,,,,,,1.0,Nein,,,,,,,
13.06.25 12:00,Volk 3,Zwirle 1,Zander,Zander flach (159mm),Liebig / Hohenheimer Einfachbeute,Ableger,,im Juni 2025 vermutlich still umgeweiselt,"Königin gezeichnet
Futterrahmen für Zuchtvolk entnommen",Stifte; Königin,,,,,,,-1,,,,,,,,,,,,,,,,Nein,,,,,,,
13.06.25 12:00,Volk 9,Zwirle 1,Zander,Zander flach (159mm),Liebig / Hohenheimer Einfachbeute,Ableger,,13.06.2025 Volk aus Zuchtstoff von Belegstelle,"Futterwabe aus Volk 3
Brutwabe aus Volk 1
Zuchtstoff von Belegstelle",,,,,,,1,1,,,,,,,,,,,,,,,,Nein,,,,,,,
13.06.25 21:50,Volk 1,Zwirle 1,Zander,Zander flach (159mm),Liebig / Hohenheimer Einfachbeute,Ableger,1,"27.04.2024 Ableger 3 und 4 gebildet aus Volk 1
27.04.2025 Königin aus Weiselprobe von Volk 4 gezogen.",1 Brutrahmen für Zuchtvolk entnommen,Stifte; Larven; Verdeckelte Brut,,7,10,,,-1,,,,,,,,Drohnenbrutschneiden,,,,2.0,,,,2.0,Nein,,,,,,,
22.06.25 12:00,Volk 9,Zwirle 1,Zander,Zander flach (159mm),Liebig / Hohenheimer Einfachbeute,Ableger,,13.06.2025 Volk aus Zuchtstoff von Belegstelle,"noch relativ viel ungeschlüpfte Brut
4 Weiselzellen angenommen - leider aber beim Freischneiden eine Zelle zerstört...",,,,,,,,,,,,,,,,,,,,,,,,Nein,,,,,,,
25.06.25 12:00,Volk 5,Zwirle 1,Zander,Zander flach (159mm),Liebig / Hohenheimer Einfachbeute,Ableger,,03.05.2025 Ableger gebildet,,,,,,,,-1,,,,,,,,,,,,,,,,,Nein,,,,,,,
25.06.25 12:00,Volk 7,Zwirle 1,Zander,Zander flach (159mm),Liebig / Hohenheimer Einfachbeute,Ableger,,"11.05.2025 Ableger gebildet
25.06.2025 Neustart mit Königin aus Zuchtstoff von Belegstelle.","Volk drohnenbrütig
aufgelöst und mit Königin und Brutwabe neu gestartet",,,,,,,1,,,,,,,,,,,,,,,,,Nein,,,,,,,
25.06.25 12:00,Volk 6,Zwirle 1,Zander,Zander flach (159mm),Liebig / Hohenheimer Einfachbeute,Ableger,,03.05.2025 Ableger gebildet,,Stifte; Larven; Verdeckelte Brut,,,,,3,,,,,,,,,,,,,,,,,,Nein,,,,,,,
25.06.25 12:00,Volk 10,Zwirle 1,Zander,Zander flach (159mm),Liebig / Hohenheimer Einfachbeute,Ableger,,"Volk mit Zuchtstoff von Belegstelle gestartet
Später mit Schwarm vom Legoland vereinigt.
im Winter kaputt gegangen.",Volk mit Königin von Zuchtlatte und Brutwabe gestartet,,,,,,,1,,,,,,,,,,,,,,,,,Nein,,,,,,,
25.06.25 12:00,Volk 9,Zwirle 1,Zander,Zander flach (159mm),Liebig / Hohenheimer Einfachbeute,Ableger,,13.06.2025 Volk aus Zuchtstoff von Belegstelle,"9c
Volk mit Königin von Zuchtlatte gestartet",,,,,,,,,,,,,,,,,,,,,,,,Nein,,,,,,,
25.06.25 21:50,Volk 1,Zwirle 1,Zander,Zander flach (159mm),Liebig / Hohenheimer Einfachbeute,Ableger,1,"27.04.2024 Ableger 3 und 4 gebildet aus Volk 1
27.04.2025 Königin aus Weiselprobe von Volk 4 gezogen.",Brutwabe für Ableger mit Zuchtstoff entnommen,,,,,,,-1,,,,,,,,,,,,,,,,,Nein,,,,,,,
26.06.25 12:00,Volk 4,Zwirle 1,Zander,Zander flach (159mm),Liebig / Hohenheimer Einfachbeute,Wirtschaftsvolk,,vermutlich im Juni 2025 umgeweiselt,Honigzarge relativ gut,Stifte; Larven; Verdeckelte Brut,,,,,,,,,,,,,,,,,,,,,,2.0,Nein,,,,,,,
26.06.25 12:00,Volk 2,Zwirle 1,Zander,Zander flach (159mm),Liebig / Hohenheimer Einfachbeute,Wirtschaftsvolk,,ca 30.05.2025 umgeweiselt,wenig Honig eingelagert,Stifte; Larven; Verdeckelte Brut,,,,,,,,,,,,,,,,,,,,,,2.0,Nein,,,,,,,
26.06.25 12:00,Volk 3,Zwirle 1,Zander,Zander flach (159mm),Liebig / Hohenheimer Einfachbeute,Ableger,,im Juni 2025 vermutlich still umgeweiselt,"Honigzarge ziemlich voll.
Zarge mit Gläsern aufgesetzt",Stifte; Königin; Larven; Verdeckelte Brut,,,,,,,,,,,,,,,,,,,,,,2.0,Nein,,,,,,,
26.06.25 12:00,Volk 8,Zwirle 1,Zander,Zander flach (159mm),Liebig / Hohenheimer Einfachbeute,Sonstiges,,"11.05.2025 Königinnenableger
Evtl 2025 still umgeweiselt?",Zarge auf 7 Rähmchen ergänzt,Stifte; Larven; Verdeckelte Brut,,,,,,,,,,,,,,,,,,,,,,1.0,Nein,,,,,,,
26.06.25 21:50,Volk 1,Zwirle 1,Zander,Zander flach (159mm),Liebig / Hohenheimer Einfachbeute,Ableger,1,"27.04.2024 Ableger 3 und 4 gebildet aus Volk 1
27.04.2025 Königin aus Weiselprobe von Volk 4 gezogen.","Honigraum Halbzarge unter Vollzarge gesetzt, da Vollzarge sehr voll",Stifte; Larven; Verdeckelte Brut,,5,8,,,,,,,,,,,Drohnenbrutschneiden,,,,,,,,,Nein,,,,,,,
06.07.25 12:00,Volk 10,Zwirle 1,Zander,Zander flach (159mm),Liebig / Hohenheimer Einfachbeute,Ableger,,"Volk mit Zuchtstoff von Belegstelle gestartet
Später mit Schwarm vom Legoland vereinigt.
im Winter kaputt gegangen.",9a,Stifte; Königin,,,,,,,,,,,,,,,,,,,,,,1.0,Nein,,,,,,,
06.07.25 12:00,Volk 8,Zwirle 1,Zander,Zander flach (159mm),Liebig / Hohenheimer Einfachbeute,Sonstiges,,"11.05.2025 Königinnenableger
Evtl 2025 still umgeweiselt?",mit Rähmchen aufgefüllt,Stifte; Larven; Verdeckelte Brut,,,,,,,,,,,,,,,,,,,,,,1.0,Nein,,,,,,,
06.07.25 12:00,Volk 7,Zwirle 1,Zander,Zander flach (159mm),Liebig / Hohenheimer Einfachbeute,Ableger,,"11.05.2025 Ableger gebildet
25.06.2025 Neustart mit Königin aus Zuchtstoff von Belegstelle.",Viele junge Bienen,Stifte,,,,,,,,,,,,,,,,,,,,,,1.0,Nein,,,,,,,
06.07.25 12:00,Volk 4,Zwirle 1,Zander,Zander flach (159mm),Liebig / Hohenheimer Einfachbeute,Wirtschaftsvolk,,vermutlich im Juni 2025 umgeweiselt,Honigraum relativ schwer,Stifte; Larven; Verdeckelte Brut,,,,,,,,,,,,,,Drohnenbrutschneiden,,,,,,,,1.0,Nein,,,,,,,
06.07.25 12:00,Volk 9,Zwirle 1,Zander,Zander flach (159mm),Liebig / Hohenheimer Einfachbeute,Ableger,,13.06.2025 Volk aus Zuchtstoff von Belegstelle,"noch etwas verdeckelte Brut
9c",Stifte,,,,,,,,,,,,,,,,,,,,,,1.0,Nein,,,,,,,
06.07.25 12:00,Volk 5,Zwirle 1,Zander,Zander flach (159mm),Liebig / Hohenheimer Einfachbeute,Ableger,,03.05.2025 Ableger gebildet,"2. Zarge aufgesetzt
Voll besetzt mit Rähmchen",Stifte; Larven; Verdeckelte Brut,,,,,,,,,,,,,,,,,,,,,,2.0,Nein,,,,,,,
06.07.25 12:00,Volk 6,Zwirle 1,Zander,Zander flach (159mm),Liebig / Hohenheimer Einfachbeute,Ableger,,03.05.2025 Ableger gebildet,"3,5 Rähmchen noch kaum besetzt",Stifte; Larven; Verdeckelte Brut; Königin,,,,,,,,,,,,,,,,,,,,,,1.0,Nein,,,,,,,
06.07.25 12:00,Volk 2,Zwirle 1,Zander,Zander flach (159mm),Liebig / Hohenheimer Einfachbeute,Wirtschaftsvolk,,ca 30.05.2025 umgeweiselt,Honigraum so gut wie leer,Stifte; Larven; Verdeckelte Brut,,,,,,,,,,,,,,,,,,,,,,2.0,Nein,,,,,,,
06.07.25 12:00,Volk 3,Zwirle 1,Zander,Zander flach (159mm),Liebig / Hohenheimer Einfachbeute,Ableger,,im Juni 2025 vermutlich still umgeweiselt,"Honigraum schwer
Gläser im Honigraum nicht angenommen",Stifte; Larven; Verdeckelte Brut,,,,,,,,,,,,,,Drohnenbrutschneiden,,,,,,,,1.0,Nein,,,,,,,
06.07.25 22:00,Volk 1,Zwirle 1,Zander,Zander flach (159mm),Liebig / Hohenheimer Einfachbeute,Ableger,1,"27.04.2024 Ableger 3 und 4 gebildet aus Volk 1
27.04.2025 Königin aus Weiselprobe von Volk 4 gezogen.",Honigraum schwer,Stifte; Larven; Verdeckelte Brut,,,,,,,,,,,,,,Drohnenbrutschneiden,,,,2.0,,,,1.0,Nein,,,,,,,
20.07.25 12:00,Volk 3,Zwirle 1,Zander,Zander flach (159mm),Liebig / Hohenheimer Einfachbeute,Ableger,,im Juni 2025 vermutlich still umgeweiselt,geschleuderte Zargen zum Putzen aufgesetzt,Stifte; Larven; Verdeckelte Brut,,,,,,,,1,,,,,,,,,,2.0,,,,2.0,Ja,,,,,,,
20.07.25 12:00,Volk 7,Zwirle 1,Zander,Zander flach (159mm),Liebig / Hohenheimer Einfachbeute,Ableger,,"11.05.2025 Ableger gebildet
25.06.2025 Neustart mit Königin aus Zuchtstoff von Belegstelle.",,Stifte; Larven; Verdeckelte Brut,,,,,2,,,,,,,,,,,,,0.0,,,,,Nein,,,,,,,
20.07.25 12:00,Volk 5,Zwirle 1,Zander,Zander flach (159mm),Liebig / Hohenheimer Einfachbeute,Ableger,,03.05.2025 Ableger gebildet,,Stifte; Larven; Verdeckelte Brut,,,,,,,,1,,,,,,,,,,2.0,,,,2.0,Nein,,,,,,,
20.07.25 12:00,Volk 8,Zwirle 1,Zander,Zander flach (159mm),Liebig / Hohenheimer Einfachbeute,Sonstiges,,"11.05.2025 Königinnenableger
Evtl 2025 still umgeweiselt?",,Stifte; Larven; Verdeckelte Brut,,,,,,,,,,,,,,,,,,0.0,,,,,Nein,,,,,,,
20.07.25 12:00,Volk 10,Zwirle 1,Zander,Zander flach (159mm),Liebig / Hohenheimer Einfachbeute,Ableger,,"Volk mit Zuchtstoff von Belegstelle gestartet
Später mit Schwarm vom Legoland vereinigt.
im Winter kaputt gegangen.",Volk von Legoland Drachenburg geholt,,,,,,,,,,,,,,,,,,,,,,,,Nein,,,,,,,
20.07.25 12:00,Volk 2,Zwirle 1,Zander,Zander flach (159mm),Liebig / Hohenheimer Einfachbeute,Wirtschaftsvolk,,ca 30.05.2025 umgeweiselt,,Stifte; Larven; Verdeckelte Brut,,,,,,,,1,,,,,,,,,,1.0,,,,2.0,Ja,,,,,,,
20.07.25 12:00,Volk 4,Zwirle 1,Zander,Zander flach (159mm),Liebig / Hohenheimer Einfachbeute,Wirtschaftsvolk,,vermutlich im Juni 2025 umgeweiselt,,Stifte; Larven; Verdeckelte Brut,,,,,,,,1,,,,,,,,,,2.0,,,,2.0,Ja,,,,,,,
20.07.25 12:00,Volk 6,Zwirle 1,Zander,Zander flach (159mm),Liebig / Hohenheimer Einfachbeute,Ableger,,03.05.2025 Ableger gebildet,,Stifte; Larven; Verdeckelte Brut,,,,,2,,,,,,,,,,,,,0.0,,,,,Nein,,,,,,,
20.07.25 22:00,Volk 1,Zwirle 1,Zander,Zander flach (159mm),Liebig / Hohenheimer Einfachbeute,Ableger,1,"27.04.2024 Ableger 3 und 4 gebildet aus Volk 1
27.04.2025 Königin aus Weiselprobe von Volk 4 gezogen.","Drohnenrahmen entfernt 
Honigrähmchen zum Putzen aufgesetzt",Stifte; Larven; Verdeckelte Brut,,4,8,,,,,,,,,,,Drohnenbrutschneiden,,,,2.0,,,,1.0,Ja,,,Sommertracht,,,,
26.07.25 12:00,Volk 8,Zwirle 1,Zander,Zander flach (159mm),Liebig / Hohenheimer Einfachbeute,Sonstiges,,"11.05.2025 Königinnenableger
Evtl 2025 still umgeweiselt?",Futter in Futtertasche gegeben,,,,,,,,,,,,,,,,,,,,,,,,Nein,,,,Invertzuckersirup,1.4,,
26.07.25 12:00,Volk 2,Zwirle 1,Zander,Zander flach (159mm),Liebig / Hohenheimer Einfachbeute,Wirtschaftsvolk,,ca 30.05.2025 umgeweiselt,Leerzarge für Fütterung aufgesetzt,,,,,,,,,,,,,,,,,,,,,,,,Nein,,,,Invertzuckersirup,1.4,,
26.07.25 12:00,Volk 5,Zwirle 1,Zander,Zander flach (159mm),Liebig / Hohenheimer Einfachbeute,Ableger,,03.05.2025 Ableger gebildet,Leerzarge für Fütterung aufgesetzt,,,,,,,,,,,,,,,,,,,,,,,,Nein,,,,Invertzuckersirup,1.2,,
26.07.25 12:00,Volk 7,Zwirle 1,Zander,Zander flach (159mm),Liebig / Hohenheimer Einfachbeute,Ableger,,"11.05.2025 Ableger gebildet
25.06.2025 Neustart mit Königin aus Zuchtstoff von Belegstelle.",,,,,,,,,,,,,,,,,,,,,,,,,Nein,,,,,,,
26.07.25 12:00,Volk 10,Zwirle 1,Zander,Zander flach (159mm),Liebig / Hohenheimer Einfachbeute,Ableger,,"Volk mit Zuchtstoff von Belegstelle gestartet
Später mit Schwarm vom Legoland vereinigt.
im Winter kaputt gegangen.","Futter in Futtertasche gegeben.
Volk mit Legolandvolk vereinigt",,,,,,,,,,,,,,,,,,,,,,,,Nein,,,,Invertzuckersirup,1.4,,
26.07.25 12:00,Volk 9,Zwirle 1,Zander,Zander flach (159mm),Liebig / Hohenheimer Einfachbeute,Ableger,,13.06.2025 Volk aus Zuchtstoff von Belegstelle,Königin gezeichnet,Königin,,,,,,,,,,,,,,,,,,,,,,,Nein,,,,,,,
26.07.25 12:00,Volk 3,Zwirle 1,Zander,Zander flach (159mm),Liebig / Hohenheimer Einfachbeute,Ableger,,im Juni 2025 vermutlich still umgeweiselt,,,,,,,,,,,,,,,,,,,,,,,,,Nein,,,,Invertzuckersirup,1.4,,
26.07.25 12:00,Volk 6,Zwirle 1,Zander,Zander flach (159mm),Liebig / Hohenheimer Einfachbeute,Ableger,,03.05.2025 Ableger gebildet,Leerzarge für Fütterung aufgesetzt,,,,,,,,,,,,,,,,,,,,,,,,Nein,,,,Invertzuckersirup,1.4,,
26.07.25 12:00,Volk 4,Zwirle 1,Zander,Zander flach (159mm),Liebig / Hohenheimer Einfachbeute,Wirtschaftsvolk,,vermutlich im Juni 2025 umgeweiselt,Leerzarge für Fütterung aufgesetzt,,,,,,,,,,,,,,,,,,,,,,,,Nein,,,,Invertzuckersirup,1.4,,
26.07.25 22:00,Volk 1,Zwirle 1,Zander,Zander flach (159mm),Liebig / Hohenheimer Einfachbeute,Ableger,1,"27.04.2024 Ableger 3 und 4 gebildet aus Volk 1
27.04.2025 Königin aus Weiselprobe von Volk 4 gezogen.",1Liter 26.07. - 3Liter 29.07.,,,,,,,,,,,,,,,,,,,,,,,,Nein,,,,Invertzuckersirup,4.0,,
29.07.25 12:00,Volk 10,Zwirle 1,Zander,Zander flach (159mm),Liebig / Hohenheimer Einfachbeute,Ableger,,"Volk mit Zuchtstoff von Belegstelle gestartet
Später mit Schwarm vom Legoland vereinigt.
im Winter kaputt gegangen.",,,,,,,,,,,,,,,,,,,,,,,,,Nein,,,,Invertzuckersirup,2.1,,
29.07.25 12:00,Volk 5,Zwirle 1,Zander,Zander flach (159mm),Liebig / Hohenheimer Einfachbeute,Ableger,,03.05.2025 Ableger gebildet,,,,,,,,,,,,,,,,,,,,,,,,,Nein,,,,Invertzuckersirup,4.2,,
29.07.25 12:00,Volk 7,Zwirle 1,Zander,Zander flach (159mm),Liebig / Hohenheimer Einfachbeute,Ableger,,"11.05.2025 Ableger gebildet
25.06.2025 Neustart mit Königin aus Zuchtstoff von Belegstelle.","Volk von zuhause in Wald gebracht.
Futter in Futtertasche gegeben.",,,,,,,,,,,,,,,,,,,,,,,,Nein,,,,Invertzuckersirup,2.1,,
29.07.25 12:00,Volk 8,Zwirle 1,Zander,Zander flach (159mm),Liebig / Hohenheimer Einfachbeute,Sonstiges,,"11.05.2025 Königinnenableger
Evtl 2025 still umgeweiselt?",,,,,,,,,,,,,,,,,,,,,,,,,Nein,,,,Invertzuckersirup,2.1,,
29.07.25 12:00,Volk 6,Zwirle 1,Zander,Zander flach (159mm),Liebig / Hohenheimer Einfachbeute,Ableger,,03.05.2025 Ableger gebildet,,,,,,,,,,,,,,,,,,,,,,,,,Nein,,,,Invertzuckersirup,2.1,,
29.07.25 12:00,Volk 9,Zwirle 1,Zander,Zander flach (159mm),Liebig / Hohenheimer Einfachbeute,Ableger,,13.06.2025 Volk aus Zuchtstoff von Belegstelle,Volk von zuhause zum Wald gebracht,,,,,,,,,,,,,,,,,,,,,,,,Nein,,,,Invertzuckersirup,2.1,,
29.07.25 12:00,Volk 3,Zwirle 1,Zander,Zander flach (159mm),Liebig / Hohenheimer Einfachbeute,Ableger,,im Juni 2025 vermutlich still umgeweiselt,,,,,,,,,,,,,,,,,,,,,,,,,Nein,,,,Invertzuckersirup,4.2,,
29.07.25 13:00,Volk 4,Zwirle 1,Zander,Zander flach (159mm),Liebig / Hohenheimer Einfachbeute,Wirtschaftsvolk,,vermutlich im Juni 2025 umgeweiselt,,,,,,,,,,,,,,,,,,,,,,,,,Nein,,,,Invertzuckersirup,4.2,,
29.07.25 21:20,Volk 2,Zwirle 1,Zander,Zander flach (159mm),Liebig / Hohenheimer Einfachbeute,Wirtschaftsvolk,,ca 30.05.2025 umgeweiselt,,,,,,,,,,,,,,,,,,,,,,,,,Nein,,,,Invertzuckersirup,4.2,,
01.08.25 12:00,Volk 10,Zwirle 1,Zander,Zander flach (159mm),Liebig / Hohenheimer Einfachbeute,Ableger,,"Volk mit Zuchtstoff von Belegstelle gestartet
Später mit Schwarm vom Legoland vereinigt.
im Winter kaputt gegangen.","Königin gekennzeichnet.
Aufgesetztes Ablegervolk in unteren Brutraum gesetzt.",Königin; Stifte; Larven; Verdeckelte Brut,,,,,,,,,,,,Ameisensäure 60 Bernburg 684 mg/ml Lösung,Nassenheider Verdunster,,110.0,,,,,,,,Nein,,,,,,,
01.08.25 12:00,Volk 6,Zwirle 1,Zander,Zander flach (159mm),Liebig / Hohenheimer Einfachbeute,Ableger,,03.05.2025 Ableger gebildet,Zuckerwasser leer,,,,,,,,,,,,,Ameisensäure 60 Bernburg 684 mg/ml Lösung,Nassenheider Verdunster,,110.0,,,,,,,,Nein,,,,,,,
01.08.25 12:00,Volk 7,Zwirle 1,Zander,Zander flach (159mm),Liebig / Hohenheimer Einfachbeute,Ableger,,"11.05.2025 Ableger gebildet
25.06.2025 Neustart mit Königin aus Zuchtstoff von Belegstelle.",Zuckerwasser relativ viel noch im Eimer,,,,,,,,,,,,,Ameisensäure 60 Bernburg 684 mg/ml Lösung,Nassenheider Verdunster,,110.0,,,,,,,,Nein,,,,,,,
01.08.25 12:00,Volk 5,Zwirle 1,Zander,Zander flach (159mm),Liebig / Hohenheimer Einfachbeute,Ableger,,03.05.2025 Ableger gebildet,Zuckerwasser leer,,,,,,,,,,,,,Ameisensäure 60 Bernburg 684 mg/ml Lösung,Nassenheider Verdunster,,110.0,,,,,,,1.0,Nein,,,,,,,
01.08.25 12:00,Volk 2,Zwirle 1,Zander,Zander flach (159mm),Liebig / Hohenheimer Einfachbeute,Wirtschaftsvolk,,ca 30.05.2025 umgeweiselt,Zuckerwasser leer,,,,,,,,,,,,,Ameisensäure 60 Bernburg 684 mg/ml Lösung,Nassenheider Verdunster,,225.0,,,,,,,,Nein,,,,,,,
01.08.25 12:00,Volk 3,Zwirle 1,Zander,Zander flach (159mm),Liebig / Hohenheimer Einfachbeute,Ableger,,im Juni 2025 vermutlich still umgeweiselt,Zuckerwasser leer,,,,,,,,,,,,,Ameisensäure 60 Bernburg 684 mg/ml Lösung,Nassenheider Verdunster,,225.0,,,,,,,,Nein,,,,,,,
01.08.25 12:00,Volk 8,Zwirle 1,Zander,Zander flach (159mm),Liebig / Hohenheimer Einfachbeute,Sonstiges,,"11.05.2025 Königinnenableger
Evtl 2025 still umgeweiselt?",Zuckerwasser leer,,,,,,,,,,,,,Ameisensäure 60 Bernburg 684 mg/ml Lösung,Nassenheider Verdunster,,110.0,,,,,,,,Nein,,,,,,,
01.08.25 12:00,Volk 9,Zwirle 1,Zander,Zander flach (159mm),Liebig / Hohenheimer Einfachbeute,Ableger,,13.06.2025 Volk aus Zuchtstoff von Belegstelle,Zuckerwasser leer,,,,,,,,,,,,,Ameisensäure 60 Bernburg 684 mg/ml Lösung,Nassenheider Verdunster,,110.0,,,,,,,,Nein,,,,,,,
01.08.25 21:50,Volk 4,Zwirle 1,Zander,Zander flach (159mm),Liebig / Hohenheimer Einfachbeute,Wirtschaftsvolk,,vermutlich im Juni 2025 umgeweiselt,Zuckerwasser leer,,,,,,,,,,,,,Ameisensäure 60 Bernburg 684 mg/ml Lösung,Nassenheider Verdunster,,225.0,,,,,,,,Nein,,,,,,,
01.08.25 22:00,Volk 1,Zwirle 1,Zander,Zander flach (159mm),Liebig / Hohenheimer Einfachbeute,Ableger,1,"27.04.2024 Ableger 3 und 4 gebildet aus Volk 1
27.04.2025 Königin aus Weiselprobe von Volk 4 gezogen.",,,,,,,,,,,,,,Ameisensäure 60 Bernburg 684 mg/ml Lösung,Nassenheider Verdunster,,,,,,,,,,Nein,,,,,,,
08.08.25 23:40,Volk 4,Zwirle 1,Zander,Zander flach (159mm),Liebig / Hohenheimer Einfachbeute,Wirtschaftsvolk,,vermutlich im Juni 2025 umgeweiselt,,,,,,,,,,,Gemülldiagnose,11,1,,,,,,,,,,,,Nein,,,,,,,
16.08.25 12:00,Volk 2,Zwirle 1,Zander,Zander flach (159mm),Liebig / Hohenheimer Einfachbeute,Wirtschaftsvolk,,ca 30.05.2025 umgeweiselt,,,,,,,,,,,Gemülldiagnose,2,1,,,,,,,,,,,,Nein,,,,Invertzuckersirup,6.3,,
16.08.25 12:00,Volk 10,Zwirle 1,Zander,Zander flach (159mm),Liebig / Hohenheimer Einfachbeute,Ableger,,"Volk mit Zuchtstoff von Belegstelle gestartet
Später mit Schwarm vom Legoland vereinigt.
im Winter kaputt gegangen.",,,,,,,,,,,Gemülldiagnose,21,1,,,,,,,,,,,,Nein,,,,Invertzuckersirup,4.2,,
16.08.25 12:00,Volk 8,Zwirle 1,Zander,Zander flach (159mm),Liebig / Hohenheimer Einfachbeute,Sonstiges,,"11.05.2025 Königinnenableger
Evtl 2025 still umgeweiselt?",,,,,,,,,,,Gemülldiagnose,1,1,,,,,,,,,,,,Nein,,,,Invertzuckersirup,4.2,,
16.08.25 12:00,Volk 9,Zwirle 1,Zander,Zander flach (159mm),Liebig / Hohenheimer Einfachbeute,Ableger,,13.06.2025 Volk aus Zuchtstoff von Belegstelle,,,,,,,,,,,Gemülldiagnose,10,1,,,,,,,,,,,,Nein,,,,Invertzuckersirup,4.2,,
16.08.25 12:00,Volk 7,Zwirle 1,Zander,Zander flach (159mm),Liebig / Hohenheimer Einfachbeute,Ableger,,"11.05.2025 Ableger gebildet
25.06.2025 Neustart mit Königin aus Zuchtstoff von Belegstelle.",,,,,,,,,,,Gemülldiagnose,30,1,,,,,,,,,,,,Nein,,,,Invertzuckersirup,2.1,,
16.08.25 12:00,Volk 6,Zwirle 1,Zander,Zander flach (159mm),Liebig / Hohenheimer Einfachbeute,Ableger,,03.05.2025 Ableger gebildet,,,,,,,,,,,Gemülldiagnose,1,1,,,,,,,,,,,,Nein,,,,Invertzuckersirup,6.3,,
16.08.25 13:00,Volk 3,Zwirle 1,Zander,Zander flach (159mm),Liebig / Hohenheimer Einfachbeute,Ableger,,im Juni 2025 vermutlich still umgeweiselt,,,,,,,,,,,Gemülldiagnose,12,1,,,,,,,,,,,,Nein,,,,Invertzuckersirup,6.3,,
16.08.25 13:00,Volk 5,Zwirle 1,Zander,Zander flach (159mm),Liebig / Hohenheimer Einfachbeute,Ableger,,03.05.2025 Ableger gebildet,,,,,,,,,,,Gemülldiagnose,19,1,,,,,,,,,,,,Nein,,,,Invertzuckersirup,6.3,,
16.08.25 22:10,Volk 4,Zwirle 1,Zander,Zander flach (159mm),Liebig / Hohenheimer Einfachbeute,Wirtschaftsvolk,,vermutlich im Juni 2025 umgeweiselt,,,,,,,,,,,Gemülldiagnose,8,1,,,,,,,,,,,,Nein,,,,Invertzuckersirup,6.3,,
17.08.25 12:00,Volk 3,Zwirle 1,Zander,Zander flach (159mm),Liebig / Hohenheimer Einfachbeute,Ableger,,im Juni 2025 vermutlich still umgeweiselt,,,,,,,,,,,Gemülldiagnose,30,1,,,,,,,,,,,,Nein,,,,,,,
17.08.25 12:00,Volk 6,Zwirle 1,Zander,Zander flach (159mm),Liebig / Hohenheimer Einfachbeute,Ableger,,03.05.2025 Ableger gebildet,,,,,,,,,,,Gemülldiagnose,1,1,,,,,,,,,,,,Nein,,,,,,,
17.08.25 12:00,Volk 2,Zwirle 1,Zander,Zander flach (159mm),Liebig / Hohenheimer Einfachbeute,Wirtschaftsvolk,,ca 30.05.2025 umgeweiselt,,,,,,,,,,,Gemülldiagnose,4,1,,,,,,,,,,,,Nein,,,,,,,
17.08.25 12:00,Volk 5,Zwirle 1,Zander,Zander flach (159mm),Liebig / Hohenheimer Einfachbeute,Ableger,,03.05.2025 Ableger gebildet,,,,,,,,,,,Gemülldiagnose,10,1,,,,,,,,,,,,Nein,,,,,,,
17.08.25 12:00,Volk 9,Zwirle 1,Zander,Zander flach (159mm),Liebig / Hohenheimer Einfachbeute,Ableger,,13.06.2025 Volk aus Zuchtstoff von Belegstelle,,,,,,,,,,,Gemülldiagnose,5,1,,,,,,,,,,,,Nein,,,,,,,
17.08.25 12:00,Volk 4,Zwirle 1,Zander,Zander flach (159mm),Liebig / Hohenheimer Einfachbeute,Wirtschaftsvolk,,vermutlich im Juni 2025 umgeweiselt,,,,,,,,,,,Gemülldiagnose,10,1,,,,,,,,,,,,Nein,,,,,,,
17.08.25 12:00,Volk 10,Zwirle 1,Zander,Zander flach (159mm),Liebig / Hohenheimer Einfachbeute,Ableger,,"Volk mit Zuchtstoff von Belegstelle gestartet
Später mit Schwarm vom Legoland vereinigt.
im Winter kaputt gegangen.",,,,,,,,,,,Gemülldiagnose,9,1,,,,,,,,,,,,Nein,,,,,,,
17.08.25 13:00,Volk 8,Zwirle 1,Zander,Zander flach (159mm),Liebig / Hohenheimer Einfachbeute,Sonstiges,,"11.05.2025 Königinnenableger
Evtl 2025 still umgeweiselt?",,,,,,,,,,,Gemülldiagnose,0,1,,,,,,,,,,,,Nein,,,,,,,
17.08.25 22:00,Volk 1,Zwirle 1,Zander,Zander flach (159mm),Liebig / Hohenheimer Einfachbeute,Ableger,1,"27.04.2024 Ableger 3 und 4 gebildet aus Volk 1
27.04.2025 Königin aus Weiselprobe von Volk 4 gezogen.",,,,,,,,,,,Gemülldiagnose,15,1,,,,,,,,,,,,Nein,,,,Invertzuckersirup,4.5,,
17.08.25 22:20,Volk 7,Zwirle 1,Zander,Zander flach (159mm),Liebig / Hohenheimer Einfachbeute,Ableger,,"11.05.2025 Ableger gebildet
25.06.2025 Neustart mit Königin aus Zuchtstoff von Belegstelle.",,,,,,,,,,,Gemülldiagnose,24,1,,,,,,,,,,,,Nein,,,,,,,
18.08.25 22:10,Volk 1,Zwirle 1,Zander,Zander flach (159mm),Liebig / Hohenheimer Einfachbeute,Ableger,1,"27.04.2024 Ableger 3 und 4 gebildet aus Volk 1
27.04.2025 Königin aus Weiselprobe von Volk 4 gezogen.",,,,,,,,,,,Gemülldiagnose,6,1,,,,,,,,,,,,Nein,,,,,,,
19.08.25 22:10,Volk 1,Zwirle 1,Zander,Zander flach (159mm),Liebig / Hohenheimer Einfachbeute,Ableger,1,"27.04.2024 Ableger 3 und 4 gebildet aus Volk 1
27.04.2025 Königin aus Weiselprobe von Volk 4 gezogen.","gesammt Menge 11,5 Liter",,,,,,,,,,Gemülldiagnose,10,1,,,,,,,,,,,,Nein,,,,Invertzuckersirup,3.0,,
21.08.25 12:00,Volk 6,Zwirle 1,Zander,Zander flach (159mm),Liebig / Hohenheimer Einfachbeute,Ableger,,03.05.2025 Ableger gebildet,,,,,,,,,,,Gemülldiagnose,1,4,,,,,,,,,,,,Nein,,,,Invertzuckersirup,3.5,,
21.08.25 12:00,Volk 5,Zwirle 1,Zander,Zander flach (159mm),Liebig / Hohenheimer Einfachbeute,Ableger,,03.05.2025 Ableger gebildet,,,,,,,,,,,Gemülldiagnose,10,4,,,,,,,,,,,,Nein,,,,Invertzuckersirup,4.2,,
21.08.25 12:00,Volk 3,Zwirle 1,Zander,Zander flach (159mm),Liebig / Hohenheimer Einfachbeute,Ableger,,im Juni 2025 vermutlich still umgeweiselt,,,,,,,,,,,Gemülldiagnose,30,4,,,,,,,,,,,,Nein,,,,Invertzuckersirup,4.2,,
21.08.25 12:00,Volk 10,Zwirle 1,Zander,Zander flach (159mm),Liebig / Hohenheimer Einfachbeute,Ableger,,"Volk mit Zuchtstoff von Belegstelle gestartet
Später mit Schwarm vom Legoland vereinigt.
im Winter kaputt gegangen.",,,,,,,,,,,Gemülldiagnose,23,4,,,,,,,,,,,,Nein,,,,Invertzuckersirup,4.2,,
21.08.25 12:00,Volk 4,Zwirle 1,Zander,Zander flach (159mm),Liebig / Hohenheimer Einfachbeute,Wirtschaftsvolk,,vermutlich im Juni 2025 umgeweiselt,,,,,,,,,,,Gemülldiagnose,10,4,,,,,,,,,,,,Nein,,,,Invertzuckersirup,4.2,,
21.08.25 12:00,Volk 8,Zwirle 1,Zander,Zander flach (159mm),Liebig / Hohenheimer Einfachbeute,Sonstiges,,"11.05.2025 Königinnenableger
Evtl 2025 still umgeweiselt?",,,,,,,,,,,Gemülldiagnose,1,4,,,,,,,,,,,,Nein,,,,Invertzuckersirup,4.2,,
21.08.25 12:00,Volk 2,Zwirle 1,Zander,Zander flach (159mm),Liebig / Hohenheimer Einfachbeute,Wirtschaftsvolk,,ca 30.05.2025 umgeweiselt,,,,,,,,,,,Gemülldiagnose,4,4,,,,,,,,,,,,Nein,,,,Invertzuckersirup,4.2,,
21.08.25 12:00,Volk 7,Zwirle 1,Zander,Zander flach (159mm),Liebig / Hohenheimer Einfachbeute,Ableger,,"11.05.2025 Ableger gebildet
25.06.2025 Neustart mit Königin aus Zuchtstoff von Belegstelle.",,,,,,,,,,,Gemülldiagnose,4,4,,,,,,,,,,,,Nein,,,,Invertzuckersirup,2.1,,
21.08.25 22:30,Volk 9,Zwirle 1,Zander,Zander flach (159mm),Liebig / Hohenheimer Einfachbeute,Ableger,,13.06.2025 Volk aus Zuchtstoff von Belegstelle,,,,,,,,,,,Gemülldiagnose,8,4,,,,,,,,,,,,Nein,,,,,,,
01.09.25 12:00,Volk 2,Zwirle 1,Zander,Zander flach (159mm),Liebig / Hohenheimer Einfachbeute,Wirtschaftsvolk,,ca 30.05.2025 umgeweiselt,Varoamittel entfernt,Stifte; Larven; Verdeckelte Brut,,,,,,,,,Gemülldiagnose,5,2,,,,,,,2.0,,,,2.0,Nein,,,,,,,
01.09.25 12:00,Volk 3,Zwirle 1,Zander,Zander flach (159mm),Liebig / Hohenheimer Einfachbeute,Ableger,,im Juni 2025 vermutlich still umgeweiselt,,Stifte; Larven; Verdeckelte Brut,,,,,,,,,Gemülldiagnose,6,2,Ameisensäure 60 Bernburg 684 mg/ml Lösung,Nassenheider Verdunster,,175.0,,,2.0,,,,2.0,Nein,,,,,,,
01.09.25 12:00,Volk 10,Zwirle 1,Zander,Zander flach (159mm),Liebig / Hohenheimer Einfachbeute,Ableger,,"Volk mit Zuchtstoff von Belegstelle gestartet
Später mit Schwarm vom Legoland vereinigt.
im Winter kaputt gegangen.",,Stifte; Larven; Verdeckelte Brut,,,,,,,,,Gemülldiagnose,34,2,Ameisensäure 60 Bernburg 684 mg/ml Lösung,Nassenheider Verdunster,,175.0,,,0.0,,,,1.0,Nein,,,,,,,
01.09.25 12:00,Volk 9,Zwirle 1,Zander,Zander flach (159mm),Liebig / Hohenheimer Einfachbeute,Ableger,,13.06.2025 Volk aus Zuchtstoff von Belegstelle,Varoamittel entfernt,Stifte; Larven; Verdeckelte Brut; Königin,,,,,,,,,Gemülldiagnose,0,2,,,,,,,0.0,,,,1.0,Nein,,,,,,,
01.09.25 12:00,Volk 5,Zwirle 1,Zander,Zander flach (159mm),Liebig / Hohenheimer Einfachbeute,Ableger,,03.05.2025 Ableger gebildet,,Stifte; Larven; Verdeckelte Brut,,,,,,,,,Gemülldiagnose,37,2,Ameisensäure 60 Bernburg 684 mg/ml Lösung,Nassenheider Verdunster,,140.0,,,2.0,,,,2.0,Nein,,,,,,,
01.09.25 12:00,Volk 8,Zwirle 1,Zander,Zander flach (159mm),Liebig / Hohenheimer Einfachbeute,Sonstiges,,"11.05.2025 Königinnenableger
Evtl 2025 still umgeweiselt?",Varoamittel entfernt,Stifte; Larven; Verdeckelte Brut,,,,,,,,,Gemülldiagnose,0,2,,,,,,,1.0,,,,1.0,Nein,,,,,,,
01.09.25 12:00,Volk 4,Zwirle 1,Zander,Zander flach (159mm),Liebig / Hohenheimer Einfachbeute,Wirtschaftsvolk,,vermutlich im Juni 2025 umgeweiselt,Varoamittel entfernt,Stifte; Larven; Verdeckelte Brut,,,,,,,,,Gemülldiagnose,5,2,,,,,,,2.0,,,,2.0,Nein,,,,,,,
01.09.25 12:00,Volk 6,Zwirle 1,Zander,Zander flach (159mm),Liebig / Hohenheimer Einfachbeute,Ableger,,03.05.2025 Ableger gebildet,Varoamittel entfernt,Stifte; Larven; Verdeckelte Brut,,,,,,,,,Gemülldiagnose,0,2,,,,,,,1.0,,,,1.0,Nein,,,,,,,
01.09.25 12:00,Volk 7,Zwirle 1,Zander,Zander flach (159mm),Liebig / Hohenheimer Einfachbeute,Ableger,,"11.05.2025 Ableger gebildet
25.06.2025 Neustart mit Königin aus Zuchtstoff von Belegstelle.",Varoamittel entfernt,Stifte; Larven; Verdeckelte Brut,,,,,,,,,Gemülldiagnose,1,2,,,,,,,1.0,,,,1.0,Nein,,,,,,,
01.09.25 22:10,Volk 1,Zwirle 1,Zander,Zander flach (159mm),Liebig / Hohenheimer Einfachbeute,Ableger,1,"27.04.2024 Ableger 3 und 4 gebildet aus Volk 1
27.04.2025 Königin aus Weiselprobe von Volk 4 gezogen.","Ameisensäure entfernt
Drohnenrahmen raus 
eher wenig Futter",Stifte; Larven; Verdeckelte Brut,,3,7,,,,,,Gemülldiagnose,6,2,,,,,,,,,,,,Nein,,,,,,,
05.09.25 12:00,Volk 7,Zwirle 1,Zander,Zander flach (159mm),Liebig / Hohenheimer Einfachbeute,Ableger,,"11.05.2025 Ableger gebildet
25.06.2025 Neustart mit Königin aus Zuchtstoff von Belegstelle.",,,,,,,,,,,Gemülldiagnose,0,1,,,,,,,,,,,,Nein,,,,,,,
05.09.25 12:00,Volk 8,Zwirle 1,Zander,Zander flach (159mm),Liebig / Hohenheimer Einfachbeute,Sonstiges,,"11.05.2025 Königinnenableger
Evtl 2025 still umgeweiselt?",,,,,,,,,,,Gemülldiagnose,1,1,,,,,,,,,,,,Nein,,,,,,,
05.09.25 12:00,Volk 2,Zwirle 1,Zander,Zander flach (159mm),Liebig / Hohenheimer Einfachbeute,Wirtschaftsvolk,,ca 30.05.2025 umgeweiselt,,,,,,,,,,,Gemülldiagnose,7,1,,,,,,,,,,,,Nein,,,,,,,
05.09.25 12:00,Volk 6,Zwirle 1,Zander,Zander flach (159mm),Liebig / Hohenheimer Einfachbeute,Ableger,,03.05.2025 Ableger gebildet,,,,,,,,,,,Gemülldiagnose,0,1,,,,,,,,,,,,Nein,,,,,,,
05.09.25 12:00,Volk 10,Zwirle 1,Zander,Zander flach (159mm),Liebig / Hohenheimer Einfachbeute,Ableger,,"Volk mit Zuchtstoff von Belegstelle gestartet
Später mit Schwarm vom Legoland vereinigt.
im Winter kaputt gegangen.",,,,,,,,,,,Gemülldiagnose,26,1,,,,,,,,,,,,Nein,,,,,,,
05.09.25 12:00,Volk 5,Zwirle 1,Zander,Zander flach (159mm),Liebig / Hohenheimer Einfachbeute,Ableger,,03.05.2025 Ableger gebildet,,,,,,,,,,,Gemülldiagnose,37,1,,,,,,,,,,,,Nein,,,,,,,
05.09.25 12:00,Volk 9,Zwirle 1,Zander,Zander flach (159mm),Liebig / Hohenheimer Einfachbeute,Ableger,,13.06.2025 Volk aus Zuchtstoff von Belegstelle,,,,,,,,,,,Gemülldiagnose,0,1,,,,,,,,,,,,Nein,,,,,,,
05.09.25 12:00,Volk 3,Zwirle 1,Zander,Zander flach (159mm),Liebig / Hohenheimer Einfachbeute,Ableger,,im Juni 2025 vermutlich still umgeweiselt,,,,,,,,,,,Gemülldiagnose,73,1,,,,,,,,,,,,Nein,,,,,,,
05.09.25 22:10,Volk 1,Zwirle 1,Zander,Zander flach (159mm),Liebig / Hohenheimer Einfachbeute,Ableger,1,"27.04.2024 Ableger 3 und 4 gebildet aus Volk 1
27.04.2025 Königin aus Weiselprobe von Volk 4 gezogen.",,,,,,,,,,,Gemülldiagnose,7,1,,,,,,,,,,,,Nein,,,,,,,
05.09.25 23:10,Volk 4,Zwirle 1,Zander,Zander flach (159mm),Liebig / Hohenheimer Einfachbeute,Wirtschaftsvolk,,vermutlich im Juni 2025 umgeweiselt,,,,,,,,,,,Gemülldiagnose,6,1,,,,,,,,,,,,Nein,,,,,,,
06.09.25 12:00,Volk 10,Zwirle 1,Zander,Zander flach (159mm),Liebig / Hohenheimer Einfachbeute,Ableger,,"Volk mit Zuchtstoff von Belegstelle gestartet
Später mit Schwarm vom Legoland vereinigt.
im Winter kaputt gegangen.",,,,,,,,,,,Gemülldiagnose,28,1,,,,,,,,,,,,Nein,,,,,,,
06.09.25 12:00,Volk 5,Zwirle 1,Zander,Zander flach (159mm),Liebig / Hohenheimer Einfachbeute,Ableger,,03.05.2025 Ableger gebildet,,,,,,,,,,,Gemülldiagnose,10,1,,,,,,,,,,,,Nein,,,,,,,
06.09.25 12:00,Volk 7,Zwirle 1,Zander,Zander flach (159mm),Liebig / Hohenheimer Einfachbeute,Ableger,,"11.05.2025 Ableger gebildet
25.06.2025 Neustart mit Königin aus Zuchtstoff von Belegstelle.",,,,,,,,,,,Gemülldiagnose,8,1,,,,,,,,,,,,Nein,,,,,,,
06.09.25 12:00,Volk 6,Zwirle 1,Zander,Zander flach (159mm),Liebig / Hohenheimer Einfachbeute,Ableger,,03.05.2025 Ableger gebildet,,,,,,,,,,,Gemülldiagnose,1,1,,,,,,,,,,,,Nein,,,,,,,
06.09.25 12:00,Volk 9,Zwirle 1,Zander,Zander flach (159mm),Liebig / Hohenheimer Einfachbeute,Ableger,,13.06.2025 Volk aus Zuchtstoff von Belegstelle,,,,,,,,,,,Gemülldiagnose,2,1,,,,,,,,,,,,Nein,,,,,,,
06.09.25 12:00,Volk 8,Zwirle 1,Zander,Zander flach (159mm),Liebig / Hohenheimer Einfachbeute,Sonstiges,,"11.05.2025 Königinnenableger
Evtl 2025 still umgeweiselt?",,,,,,,,,,,Gemülldiagnose,0,1,,,,,,,,,,,,Nein,,,,,,,
06.09.25 22:10,Volk 1,Zwirle 1,Zander,Zander flach (159mm),Liebig / Hohenheimer Einfachbeute,Ableger,1,"27.04.2024 Ableger 3 und 4 gebildet aus Volk 1
27.04.2025 Königin aus Weiselprobe von Volk 4 gezogen.",,,,,,,,,,,Gemülldiagnose,9,1,,,,,,,,,,,,Nein,,,,,,,
06.09.25 23:10,Volk 3,Zwirle 1,Zander,Zander flach (159mm),Liebig / Hohenheimer Einfachbeute,Ableger,,im Juni 2025 vermutlich still umgeweiselt,,,,,,,,,,,Gemülldiagnose,54,1,,,,,,,,,,,,Nein,,,,,,,
06.09.25 23:10,Volk 4,Zwirle 1,Zander,Zander flach (159mm),Liebig / Hohenheimer Einfachbeute,Wirtschaftsvolk,,vermutlich im Juni 2025 umgeweiselt,,,,,,,,,,,Gemülldiagnose,2,1,,,,,,,,,,,,Nein,,,,,,,
06.09.25 23:10,Volk 2,Zwirle 1,Zander,Zander flach (159mm),Liebig / Hohenheimer Einfachbeute,Wirtschaftsvolk,,ca 30.05.2025 umgeweiselt,,,,,,,,,,,Gemülldiagnose,5,1,,,,,,,,,,,,Nein,,,,,,,
07.09.25 12:00,Volk 3,Zwirle 1,Zander,Zander flach (159mm),Liebig / Hohenheimer Einfachbeute,Ableger,,im Juni 2025 vermutlich still umgeweiselt,,,,,,,,,,,Gemülldiagnose,36,1,,,,,,,,,,,,Nein,,,,,,,
07.09.25 12:00,Volk 6,Zwirle 1,Zander,Zander flach (159mm),Liebig / Hohenheimer Einfachbeute,Ableger,,03.05.2025 Ableger gebildet,,,,,,,,,,,Gemülldiagnose,2,1,,,,,,,,,,,,Nein,,,,,,,
07.09.25 12:00,Volk 4,Zwirle 1,Zander,Zander flach (159mm),Liebig / Hohenheimer Einfachbeute,Wirtschaftsvolk,,vermutlich im Juni 2025 umgeweiselt,,,,,,,,,,,Gemülldiagnose,3,1,,,,,,,,,,,,Nein,,,,,,,
07.09.25 12:00,Volk 2,Zwirle 1,Zander,Zander flach (159mm),Liebig / Hohenheimer Einfachbeute,Wirtschaftsvolk,,ca 30.05.2025 umgeweiselt,,,,,,,,,,,Gemülldiagnose,3,1,,,,,,,,,,,,Nein,,,,,,,
07.09.25 12:00,Volk 10,Zwirle 1,Zander,Zander flach (159mm),Liebig / Hohenheimer Einfachbeute,Ableger,,"Volk mit Zuchtstoff von Belegstelle gestartet
Später mit Schwarm vom Legoland vereinigt.
im Winter kaputt gegangen.",,,,,,,,,,,Gemülldiagnose,12,1,,,,,,,,,,,,Nein,,,,Invertzuckersirup,,,
07.09.25 12:00,Volk 5,Zwirle 1,Zander,Zander flach (159mm),Liebig / Hohenheimer Einfachbeute,Ableger,,03.05.2025 Ableger gebildet,,,,,,,,,,,Gemülldiagnose,9,1,,,,,,,,,,,,Nein,,,,,,,
07.09.25 12:00,Volk 9,Zwirle 1,Zander,Zander flach (159mm),Liebig / Hohenheimer Einfachbeute,Ableger,,13.06.2025 Volk aus Zuchtstoff von Belegstelle,,,,,,,,,,,Gemülldiagnose,0,1,,,,,,,,,,,,Nein,,,,Invertzuckersirup,2.1,,
07.09.25 12:00,Volk 7,Zwirle 1,Zander,Zander flach (159mm),Liebig / Hohenheimer Einfachbeute,Ableger,,"11.05.2025 Ableger gebildet
25.06.2025 Neustart mit Königin aus Zuchtstoff von Belegstelle.",,,,,,,,,,,Gemülldiagnose,1,1,,,,,,,,,,,,Nein,,,,Invertzuckersirup,2.1,,
07.09.25 12:00,Volk 8,Zwirle 1,Zander,Zander flach (159mm),Liebig / Hohenheimer Einfachbeute,Sonstiges,,"11.05.2025 Königinnenableger
Evtl 2025 still umgeweiselt?",,,,,,,,,,,Gemülldiagnose,0,1,,,,,,,,,,,,Nein,,,,Invertzuckersirup,2.1,,
07.09.25 22:10,Volk 1,Zwirle 1,Zander,Zander flach (159mm),Liebig / Hohenheimer Einfachbeute,Ableger,1,"27.04.2024 Ableger 3 und 4 gebildet aus Volk 1
27.04.2025 Königin aus Weiselprobe von Volk 4 gezogen.",,,,,,,,,,,Gemülldiagnose,5,1,,,,,,,,,,,,Nein,,,,,,,
12.09.25 12:00,Volk 7,Zwirle 1,Zander,Zander flach (159mm),Liebig / Hohenheimer Einfachbeute,Ableger,,"11.05.2025 Ableger gebildet
25.06.2025 Neustart mit Königin aus Zuchtstoff von Belegstelle.",,,,,,,,,,,,,,,,,,,,,,,,,Nein,,,,,,11.7,einseitig
12.09.25 12:00,Volk 3,Zwirle 1,Zander,Zander flach (159mm),Liebig / Hohenheimer Einfachbeute,Ableger,,im Juni 2025 vermutlich still umgeweiselt,Ameisensäure entfernt,,,,,,,,,,,,,,,,,,,,,,,,Nein,,,,,,21.8,einseitig
12.09.25 12:00,Volk 9,Zwirle 1,Zander,Zander flach (159mm),Liebig / Hohenheimer Einfachbeute,Ableger,,13.06.2025 Volk aus Zuchtstoff von Belegstelle,,,,,,,,,,,,,,,,,,,,,,,,,Nein,,,,,,11.3,einseitig
12.09.25 12:00,Volk 8,Zwirle 1,Zander,Zander flach (159mm),Liebig / Hohenheimer Einfachbeute,Sonstiges,,"11.05.2025 Königinnenableger
Evtl 2025 still umgeweiselt?",,,,,,,,,,,,,,,,,,,,,,,,,Nein,,,,,,14.2,einseitig
12.09.25 12:00,Volk 10,Zwirle 1,Zander,Zander flach (159mm),Liebig / Hohenheimer Einfachbeute,Ableger,,"Volk mit Zuchtstoff von Belegstelle gestartet
Später mit Schwarm vom Legoland vereinigt.
im Winter kaputt gegangen.",Ameisensäure entfernt,,,,,,,,,,,,,,,,,,,,,,,,Nein,,,,,,16.9,einseitig
12.09.25 12:00,Volk 4,Zwirle 1,Zander,Zander flach (159mm),Liebig / Hohenheimer Einfachbeute,Wirtschaftsvolk,,vermutlich im Juni 2025 umgeweiselt,,,,,,,,,,,,,,,,,,,,,,,,,Nein,,,,,,21.2,einseitig
12.09.25 12:00,Volk 6,Zwirle 1,Zander,Zander flach (159mm),Liebig / Hohenheimer Einfachbeute,Ableger,,03.05.2025 Ableger gebildet,,,,,,,,,,,,,,,,,,,,,,,,,Nein,,,,,,14.1,einseitig
12.09.25 12:00,Volk 5,Zwirle 1,Zander,Zander flach (159mm),Liebig / Hohenheimer Einfachbeute,Ableger,,03.05.2025 Ableger gebildet,Ameisensäure entfernt,,,,,,,,,,,,,,,,,,,,,,,,Nein,,,,,,24.2,einseitig
12.09.25 12:00,Volk 2,Zwirle 1,Zander,Zander flach (159mm),Liebig / Hohenheimer Einfachbeute,Wirtschaftsvolk,,ca 30.05.2025 umgeweiselt,,,,,,,,,,,,,,,,,,,,,,,,,Nein,,,,,,22.0,einseitig
12.09.25 22:10,Volk 1,Zwirle 1,Zander,Zander flach (159mm),Liebig / Hohenheimer Einfachbeute,Ableger,1,"27.04.2024 Ableger 3 und 4 gebildet aus Volk 1
27.04.2025 Königin aus Weiselprobe von Volk 4 gezogen.",,,,,,,,,,,,,,,,,,,,,,,,,Nein,,,,,,17.7,einseitig
13.09.25 12:00,Volk 10,Zwirle 1,Zander,Zander flach (159mm),Liebig / Hohenheimer Einfachbeute,Ableger,,"Volk mit Zuchtstoff von Belegstelle gestartet
Später mit Schwarm vom Legoland vereinigt.
im Winter kaputt gegangen.",,,,,,,,,,,Gemülldiagnose,37,1,,,,,,,,,,,,Nein,,,,,,,
13.09.25 12:00,Volk 3,Zwirle 1,Zander,Zander flach (159mm),Liebig / Hohenheimer Einfachbeute,Ableger,,im Juni 2025 vermutlich still umgeweiselt,,,,,,,,,,,Gemülldiagnose,20,1,,,,,,,,,,,,Nein,,,,,,,
13.09.25 12:00,Volk 4,Zwirle 1,Zander,Zander flach (159mm),Liebig / Hohenheimer Einfachbeute,Wirtschaftsvolk,,vermutlich im Juni 2025 umgeweiselt,,,,,,,,,,,Gemülldiagnose,6,1,,,,,,,,,,,,Nein,,,,,,,
13.09.25 12:00,Volk 9,Zwirle 1,Zander,Zander flach (159mm),Liebig / Hohenheimer Einfachbeute,Ableger,,13.06.2025 Volk aus Zuchtstoff von Belegstelle,,,,,,,,,,,Gemülldiagnose,1,1,,,,,,,,,,,,Nein,,,,,,,
13.09.25 12:00,Volk 6,Zwirle 1,Zander,Zander flach (159mm),Liebig / Hohenheimer Einfachbeute,Ableger,,03.05.2025 Ableger gebildet,,,,,,,,,,,Gemülldiagnose,3,1,,,,,,,,,,,,Nein,,,,,,,
13.09.25 12:00,Volk 2,Zwirle 1,Zander,Zander flach (159mm),Liebig / Hohenheimer Einfachbeute,Wirtschaftsvolk,,ca 30.05.2025 umgeweiselt,,,,,,,,,,,Gemülldiagnose,8,1,,,,,,,,,,,,Nein,,,,,,,
13.09.25 12:00,Volk 5,Zwirle 1,Zander,Zander flach (159mm),Liebig / Hohenheimer Einfachbeute,Ableger,,03.05.2025 Ableger gebildet,,,,,,,,,,,Gemülldiagnose,21,1,,,,,,,,,,,,Nein,,,,,,,
13.09.25 12:00,Volk 8,Zwirle 1,Zander,Zander flach (159mm),Liebig / Hohenheimer Einfachbeute,Sonstiges,,"11.05.2025 Königinnenableger
Evtl 2025 still umgeweiselt?",,,,,,,,,,,Gemülldiagnose,2,1,,,,,,,,,,,,Nein,,,,,,,
13.09.25 12:00,Volk 7,Zwirle 1,Zander,Zander flach (159mm),Liebig / Hohenheimer Einfachbeute,Ableger,,"11.05.2025 Ableger gebildet
25.06.2025 Neustart mit Königin aus Zuchtstoff von Belegstelle.",,,,,,,,,,,Gemülldiagnose,1,1,,,,,,,,,,,,Nein,,,,,,,
13.09.25 22:10,Volk 1,Zwirle 1,Zander,Zander flach (159mm),Liebig / Hohenheimer Einfachbeute,Ableger,1,"27.04.2024 Ableger 3 und 4 gebildet aus Volk 1
27.04.2025 Königin aus Weiselprobe von Volk 4 gezogen.","gesammt Menge 15,5 Liter",,,,,,,,,,Gemülldiagnose,11,2,,,,,,,,,,,,Nein,,,,Invertzuckersirup,4.0,,
18.09.25 12:00,Volk 2,Zwirle 1,Zander,Zander flach (159mm),Liebig / Hohenheimer Einfachbeute,Wirtschaftsvolk,,ca 30.05.2025 umgeweiselt,,,,,,,,,,,Gemülldiagnose,8,1,,,,,,,,,,,,Nein,,,,,,,
18.09.25 12:00,Volk 10,Zwirle 1,Zander,Zander flach (159mm),Liebig / Hohenheimer Einfachbeute,Ableger,,"Volk mit Zuchtstoff von Belegstelle gestartet
Später mit Schwarm vom Legoland vereinigt.
im Winter kaputt gegangen.",,,,,,,,,,,Gemülldiagnose,45,1,,,,,,,,,,,,Nein,,,,,,,
18.09.25 12:00,Volk 7,Zwirle 1,Zander,Zander flach (159mm),Liebig / Hohenheimer Einfachbeute,Ableger,,"11.05.2025 Ableger gebildet
25.06.2025 Neustart mit Königin aus Zuchtstoff von Belegstelle.",,,,,,,,,,,Gemülldiagnose,0,1,,,,,,,,,,,,Nein,,,,,,,
18.09.25 12:00,Volk 8,Zwirle 1,Zander,Zander flach (159mm),Liebig / Hohenheimer Einfachbeute,Sonstiges,,"11.05.2025 Königinnenableger
Evtl 2025 still umgeweiselt?",,,,,,,,,,,Gemülldiagnose,1,1,,,,,,,,,,,,Nein,,,,,,,
18.09.25 12:00,Volk 9,Zwirle 1,Zander,Zander flach (159mm),Liebig / Hohenheimer Einfachbeute,Ableger,,13.06.2025 Volk aus Zuchtstoff von Belegstelle,,,,,,,,,,,Gemülldiagnose,0,1,,,,,,,,,,,,Nein,,,,,,,
18.09.25 12:00,Volk 3,Zwirle 1,Zander,Zander flach (159mm),Liebig / Hohenheimer Einfachbeute,Ableger,,im Juni 2025 vermutlich still umgeweiselt,,,,,,,,,,,Gemülldiagnose,9,1,,,,,,,,,,,,Nein,,,,,,,
18.09.25 12:00,Volk 5,Zwirle 1,Zander,Zander flach (159mm),Liebig / Hohenheimer Einfachbeute,Ableger,,03.05.2025 Ableger gebildet,,,,,,,,,,,Gemülldiagnose,17,1,,,,,,,,,,,,Nein,,,,,,,
18.09.25 12:00,Volk 4,Zwirle 1,Zander,Zander flach (159mm),Liebig / Hohenheimer Einfachbeute,Wirtschaftsvolk,,vermutlich im Juni 2025 umgeweiselt,,,,,,,,,,,Gemülldiagnose,4,1,,,,,,,,,,,,Nein,,,,,,,
18.09.25 12:00,Volk 6,Zwirle 1,Zander,Zander flach (159mm),Liebig / Hohenheimer Einfachbeute,Ableger,,03.05.2025 Ableger gebildet,,,,,,,,,,,Gemülldiagnose,1,1,,,,,,,,,,,,Nein,,,,,,,
18.09.25 22:20,Volk 1,Zwirle 1,Zander,Zander flach (159mm),Liebig / Hohenheimer Einfachbeute,Ableger,1,"27.04.2024 Ableger 3 und 4 gebildet aus Volk 1
27.04.2025 Königin aus Weiselprobe von Volk 4 gezogen.",,,,,,,,,,,Gemülldiagnose,10,1,,,,,,,,,,,,Nein,,,,,,19.6,einseitig
20.09.25 12:00,Volk 9,Zwirle 1,Zander,Zander flach (159mm),Liebig / Hohenheimer Einfachbeute,Ableger,,13.06.2025 Volk aus Zuchtstoff von Belegstelle,,,,,,,,,,,Gemülldiagnose,1,2,,,,,,,,,,,,Nein,,,,,,,
20.09.25 12:00,Volk 2,Zwirle 1,Zander,Zander flach (159mm),Liebig / Hohenheimer Einfachbeute,Wirtschaftsvolk,,ca 30.05.2025 umgeweiselt,,,,,,,,,,,Gemülldiagnose,6,2,,,,,,,,,,,,Nein,,,,,,,
20.09.25 12:00,Volk 3,Zwirle 1,Zander,Zander flach (159mm),Liebig / Hohenheimer Einfachbeute,Ableger,,im Juni 2025 vermutlich still umgeweiselt,,,,,,,,,,,Gemülldiagnose,9,2,,,,,,,,,,,,Nein,,,,,,,
20.09.25 12:00,Volk 8,Zwirle 1,Zander,Zander flach (159mm),Liebig / Hohenheimer Einfachbeute,Sonstiges,,"11.05.2025 Königinnenableger
Evtl 2025 still umgeweiselt?",,,,,,,,,,,Gemülldiagnose,3,2,,,,,,,,,,,,Nein,,,,,,,
20.09.25 12:00,Volk 6,Zwirle 1,Zander,Zander flach (159mm),Liebig / Hohenheimer Einfachbeute,Ableger,,03.05.2025 Ableger gebildet,,,,,,,,,,,Gemülldiagnose,1,2,,,,,,,,,,,,Nein,,,,,,,
20.09.25 12:00,Volk 5,Zwirle 1,Zander,Zander flach (159mm),Liebig / Hohenheimer Einfachbeute,Ableger,,03.05.2025 Ableger gebildet,Varoa-Windel verweht,,,,,,,,,,Gemülldiagnose,,2,,,,,,,,,,,,Nein,,,,,,,
20.09.25 12:00,Volk 4,Zwirle 1,Zander,Zander flach (159mm),Liebig / Hohenheimer Einfachbeute,Wirtschaftsvolk,,vermutlich im Juni 2025 umgeweiselt,,,,,,,,,,,Gemülldiagnose,11,2,,,,,,,,,,,,Nein,,,,,,,
20.09.25 12:00,Volk 10,Zwirle 1,Zander,Zander flach (159mm),Liebig / Hohenheimer Einfachbeute,Ableger,,"Volk mit Zuchtstoff von Belegstelle gestartet
Später mit Schwarm vom Legoland vereinigt.
im Winter kaputt gegangen.",,,,,,,,,,,Gemülldiagnose,60,2,,,,,,,,,,,,Nein,,,,,,,
20.09.25 12:00,Volk 7,Zwirle 1,Zander,Zander flach (159mm),Liebig / Hohenheimer Einfachbeute,Ableger,,"11.05.2025 Ableger gebildet
25.06.2025 Neustart mit Königin aus Zuchtstoff von Belegstelle.",,,,,,,,,,,Gemülldiagnose,1,2,,,,,,,,,,,,Nein,,,,,,,
20.09.25 22:20,Volk 1,Zwirle 1,Zander,Zander flach (159mm),Liebig / Hohenheimer Einfachbeute,Ableger,1,"27.04.2024 Ableger 3 und 4 gebildet aus Volk 1
27.04.2025 Königin aus Weiselprobe von Volk 4 gezogen.",,,,,,,,,,,Gemülldiagnose,6,1,,,,,,,,,,,,Nein,,,,,,,
03.10.25 12:00,Volk 6,Zwirle 1,Zander,Zander flach (159mm),Liebig / Hohenheimer Einfachbeute,Ableger,,03.05.2025 Ableger gebildet,Flugkeil klein gestellt,,,,,,,,,,Gemülldiagnose,1,1,,,,,,,,,,,,Nein,,,,,,13.9,einseitig
03.10.25 12:00,Volk 5,Zwirle 1,Zander,Zander flach (159mm),Liebig / Hohenheimer Einfachbeute,Ableger,,03.05.2025 Ableger gebildet,Flugkeil klein gestellt,,,,,,,,,,Gemülldiagnose,19,1,,,,,,,,,,,,Nein,,,,,,24.8,einseitig
03.10.25 12:00,Volk 9,Zwirle 1,Zander,Zander flach (159mm),Liebig / Hohenheimer Einfachbeute,Ableger,,13.06.2025 Volk aus Zuchtstoff von Belegstelle,Flugkeil klein gestellt,,,,,,,,,,Gemülldiagnose,2,1,,,,,,,,,,,,Nein,,,,,,10.9,einseitig
03.10.25 12:00,Volk 7,Zwirle 1,Zander,Zander flach (159mm),Liebig / Hohenheimer Einfachbeute,Ableger,,"11.05.2025 Ableger gebildet
25.06.2025 Neustart mit Königin aus Zuchtstoff von Belegstelle.",Flugkeil klein gestellt,,,,,,,,,,Gemülldiagnose,2,1,,,,,,,,,,,,Nein,,,,,,11.6,einseitig
03.10.25 12:00,Volk 3,Zwirle 1,Zander,Zander flach (159mm),Liebig / Hohenheimer Einfachbeute,Ableger,,im Juni 2025 vermutlich still umgeweiselt,Flugkeil klein gestellt,,,,,,,,,,Gemülldiagnose,1,1,,,,,,,,,,,,Nein,,,,,,21.2,einseitig
03.10.25 12:00,Volk 10,Zwirle 1,Zander,Zander flach (159mm),Liebig / Hohenheimer Einfachbeute,Ableger,,"Volk mit Zuchtstoff von Belegstelle gestartet
Später mit Schwarm vom Legoland vereinigt.
im Winter kaputt gegangen.",Flugkeil klein gestellt,,,,,,,,,,Gemülldiagnose,48,1,,,,,,,,,,,,Nein,,,,,,16.7,einseitig
03.10.25 12:00,Volk 8,Zwirle 1,Zander,Zander flach (159mm),Liebig / Hohenheimer Einfachbeute,Sonstiges,,"11.05.2025 Königinnenableger
Evtl 2025 still umgeweiselt?",Flugkeil klein gestellt,,,,,,,,,,Gemülldiagnose,9,1,,,,,,,,,,,,Nein,,,,,,13.8,einseitig
03.10.25 12:00,Volk 2,Zwirle 1,Zander,Zander flach (159mm),Liebig / Hohenheimer Einfachbeute,Wirtschaftsvolk,,ca 30.05.2025 umgeweiselt,Flugkeil klein gestellt,,,,,,,,,,Gemülldiagnose,27,1,,,,,,,,,,,,Nein,,,,,,21.4,einseitig
03.10.25 12:00,Volk 4,Zwirle 1,Zander,Zander flach (159mm),Liebig / Hohenheimer Einfachbeute,Wirtschaftsvolk,,vermutlich im Juni 2025 umgeweiselt,Flugkeil kleingestellt,,,,,,,,,,Gemülldiagnose,6,1,,,,,,,,,,,,Nein,,,,,,20.8,einseitig
03.10.25 22:20,Volk 1,Zwirle 1,Zander,Zander flach (159mm),Liebig / Hohenheimer Einfachbeute,Ableger,1,"27.04.2024 Ableger 3 und 4 gebildet aus Volk 1
27.04.2025 Königin aus Weiselprobe von Volk 4 gezogen.",,,,,,,,,,,Gemülldiagnose,27,1,,,,,,,,,,,,Nein,,,,,,19.6,einseitig
08.10.25 00:00,Volk 8,Zwirle 1,Zander,Zander flach (159mm),Liebig / Hohenheimer Einfachbeute,Sonstiges,,"11.05.2025 Königinnenableger
Evtl 2025 still umgeweiselt?",,,,,,,,,,,Gemülldiagnose,2,1,,,,,,,,,,,,Nein,,,,,,,
08.10.25 12:00,Volk 5,Zwirle 1,Zander,Zander flach (159mm),Liebig / Hohenheimer Einfachbeute,Ableger,,03.05.2025 Ableger gebildet,,,,,,,,,,,Gemülldiagnose,15,1,,,,,,,,,,,,Nein,,,,,,,
08.10.25 12:00,Volk 6,Zwirle 1,Zander,Zander flach (159mm),Liebig / Hohenheimer Einfachbeute,Ableger,,03.05.2025 Ableger gebildet,,,,,,,,,,,Gemülldiagnose,1,1,,,,,,,,,,,,Nein,,,,,,,
08.10.25 12:00,Volk 3,Zwirle 1,Zander,Zander flach (159mm),Liebig / Hohenheimer Einfachbeute,Ableger,,im Juni 2025 vermutlich still umgeweiselt,,,,,,,,,,,Gemülldiagnose,4,1,,,,,,,,,,,,Nein,,,,,,,
08.10.25 12:00,Volk 9,Zwirle 1,Zander,Zander flach (159mm),Liebig / Hohenheimer Einfachbeute,Ableger,,13.06.2025 Volk aus Zuchtstoff von Belegstelle,,,,,,,,,,,Gemülldiagnose,2,1,,,,,,,,,,,,Nein,,,,,,,
08.10.25 12:00,Volk 2,Zwirle 1,Zander,Zander flach (159mm),Liebig / Hohenheimer Einfachbeute,Wirtschaftsvolk,,ca 30.05.2025 umgeweiselt,,,,,,,,,,,Gemülldiagnose,14,1,,,,,,,,,,,,Nein,,,,,,,
08.10.25 12:00,Volk 7,Zwirle 1,Zander,Zander flach (159mm),Liebig / Hohenheimer Einfachbeute,Ableger,,"11.05.2025 Ableger gebildet
25.06.2025 Neustart mit Königin aus Zuchtstoff von Belegstelle.",,,,,,,,,,,Gemülldiagnose,0,1,,,,,,,,,,,,Nein,,,,,,,
08.10.25 12:00,Volk 10,Zwirle 1,Zander,Zander flach (159mm),Liebig / Hohenheimer Einfachbeute,Ableger,,"Volk mit Zuchtstoff von Belegstelle gestartet
Später mit Schwarm vom Legoland vereinigt.
im Winter kaputt gegangen.",,,,,,,,,,,Gemülldiagnose,40,1,,,,,,,,,,,,Nein,,,,,,,
09.10.25 12:00,Volk 4,Zwirle 1,Zander,Zander flach (159mm),Liebig / Hohenheimer Einfachbeute,Wirtschaftsvolk,,vermutlich im Juni 2025 umgeweiselt,,,,,,,,,,,Gemülldiagnose,17,1,,,,,,,,,,,,Nein,,,,,,,
09.10.25 12:00,Volk 7,Zwirle 1,Zander,Zander flach (159mm),Liebig / Hohenheimer Einfachbeute,Ableger,,"11.05.2025 Ableger gebildet
25.06.2025 Neustart mit Königin aus Zuchtstoff von Belegstelle.",,,,,,,,,,,Gemülldiagnose,0,1,,,,,,,,,,,,Nein,,,,,,,
09.10.25 12:00,Volk 8,Zwirle 1,Zander,Zander flach (159mm),Liebig / Hohenheimer Einfachbeute,Sonstiges,,"11.05.2025 Königinnenableger
Evtl 2025 still umgeweiselt?",,,,,,,,,,,Gemülldiagnose,2,1,,,,,,,,,,,,Nein,,,,,,,
09.10.25 12:00,Volk 7,Zwirle 1,Zander,Zander flach (159mm),Liebig / Hohenheimer Einfachbeute,Ableger,,"11.05.2025 Ableger gebildet
25.06.2025 Neustart mit Königin aus Zuchtstoff von Belegstelle.",,,,,,,,,,,Gemülldiagnose,0,1,,,,,,,,,,,,Nein,,,,,,,
09.10.25 12:00,Volk 3,Zwirle 1,Zander,Zander flach (159mm),Liebig / Hohenheimer Einfachbeute,Ableger,,im Juni 2025 vermutlich still umgeweiselt,,,,,,,,,,,Gemülldiagnose,10,1,,,,,,,,,,,,Nein,,,,,,,
09.10.25 12:00,Volk 10,Zwirle 1,Zander,Zander flach (159mm),Liebig / Hohenheimer Einfachbeute,Ableger,,"Volk mit Zuchtstoff von Belegstelle gestartet
Später mit Schwarm vom Legoland vereinigt.
im Winter kaputt gegangen.",,,,,,,,,,,Gemülldiagnose,60,1,,,,,,,,,,,,Nein,,,,,,,
09.10.25 12:00,Volk 2,Zwirle 1,Zander,Zander flach (159mm),Liebig / Hohenheimer Einfachbeute,Wirtschaftsvolk,,ca 30.05.2025 umgeweiselt,,,,,,,,,,,Gemülldiagnose,20,1,,,,,,,,,,,,Nein,,,,,,,
09.10.25 12:00,Volk 6,Zwirle 1,Zander,Zander flach (159mm),Liebig / Hohenheimer Einfachbeute,Ableger,,03.05.2025 Ableger gebildet,,,,,,,,,,,Gemülldiagnose,0,1,,,,,,,,,,,,Nein,,,,,,,
09.10.25 12:00,Volk 9,Zwirle 1,Zander,Zander flach (159mm),Liebig / Hohenheimer Einfachbeute,Ableger,,13.06.2025 Volk aus Zuchtstoff von Belegstelle,,,,,,,,,,,Gemülldiagnose,0,1,,,,,,,,,,,,Nein,,,,,,,
09.10.25 22:20,Volk 1,Zwirle 1,Zander,Zander flach (159mm),Liebig / Hohenheimer Einfachbeute,Ableger,1,"27.04.2024 Ableger 3 und 4 gebildet aus Volk 1
27.04.2025 Königin aus Weiselprobe von Volk 4 gezogen.",,,,,,,,,,,Gemülldiagnose,17,1,,,,,,,,,,,,Nein,,,,,,,
09.10.25 23:40,Volk 5,Zwirle 1,Zander,Zander flach (159mm),Liebig / Hohenheimer Einfachbeute,Ableger,,03.05.2025 Ableger gebildet,,,,,,,,,,,Gemülldiagnose,33,1,,,,,,,,,,,,Nein,,,,,,,
12.10.25 12:00,Volk 2,Zwirle 1,Zander,Zander flach (159mm),Liebig / Hohenheimer Einfachbeute,Wirtschaftsvolk,,ca 30.05.2025 umgeweiselt,,,,,,,,,,,,,,,,,,,,,,,,,Nein,,,,,,20.9,einseitig
12.10.25 12:00,Volk 7,Zwirle 1,Zander,Zander flach (159mm),Liebig / Hohenheimer Einfachbeute,Ableger,,"11.05.2025 Ableger gebildet
25.06.2025 Neustart mit Königin aus Zuchtstoff von Belegstelle.",,,,,,,,,,,,,,,,,,,,,,,,,Nein,,,,,,11.0,einseitig
12.10.25 12:00,Volk 5,Zwirle 1,Zander,Zander flach (159mm),Liebig / Hohenheimer Einfachbeute,Ableger,,03.05.2025 Ableger gebildet,,,,,,,,,,,,,,,,,,,,,,,,,Nein,,,,,,24.2,einseitig
12.10.25 12:00,Volk 10,Zwirle 1,Zander,Zander flach (159mm),Liebig / Hohenheimer Einfachbeute,Ableger,,"Volk mit Zuchtstoff von Belegstelle gestartet
Später mit Schwarm vom Legoland vereinigt.
im Winter kaputt gegangen.",,,,,,,,,,,,,,,,,,,,,,,,,Nein,,,,,,16.0,einseitig
12.10.25 12:00,Volk 8,Zwirle 1,Zander,Zander flach (159mm),Liebig / Hohenheimer Einfachbeute,Sonstiges,,"11.05.2025 Königinnenableger
Evtl 2025 still umgeweiselt?",,,,,,,,,,,,,,,,,,,,,,,,,Nein,,,,,,13.5,einseitig
12.10.25 12:00,Volk 7,Zwirle 1,Zander,Zander flach (159mm),Liebig / Hohenheimer Einfachbeute,Ableger,,"11.05.2025 Ableger gebildet
25.06.2025 Neustart mit Königin aus Zuchtstoff von Belegstelle.",,,,,,,,,,,,,,,,,,,,,,,,,Nein,,,,,,11.0,einseitig
12.10.25 12:00,Volk 6,Zwirle 1,Zander,Zander flach (159mm),Liebig / Hohenheimer Einfachbeute,Ableger,,03.05.2025 Ableger gebildet,,,,,,,,,,,,,,,,,,,,,,,,,Nein,,,,,,13.4,einseitig
12.10.25 12:00,Volk 3,Zwirle 1,Zander,Zander flach (159mm),Liebig / Hohenheimer Einfachbeute,Ableger,,im Juni 2025 vermutlich still umgeweiselt,,,,,,,,,,,,,,,,,,,,,,,,,Nein,,,,,,20.7,einseitig
12.10.25 12:00,Volk 9,Zwirle 1,Zander,Zander flach (159mm),Liebig / Hohenheimer Einfachbeute,Ableger,,13.06.2025 Volk aus Zuchtstoff von Belegstelle,,,,,,,,,,,,,,,,,,,,,,,,,Nein,,,,,,10.5,einseitig
12.10.25 22:20,Volk 1,Zwirle 1,Zander,Zander flach (159mm),Liebig / Hohenheimer Einfachbeute,Ableger,1,"27.04.2024 Ableger 3 und 4 gebildet aus Volk 1
27.04.2025 Königin aus Weiselprobe von Volk 4 gezogen.",,,,,,,,,,,,,,,,,,,,,,,,,Nein,,,,,,19.5,einseitig
12.10.25 23:40,Volk 4,Zwirle 1,Zander,Zander flach (159mm),Liebig / Hohenheimer Einfachbeute,Wirtschaftsvolk,,vermutlich im Juni 2025 umgeweiselt,,,,,,,,,,,,,,,,,,,,,,,,,Nein,,,,,,20.5,einseitig
19.10.25 00:00,Volk 9,Zwirle 1,Zander,Zander flach (159mm),Liebig / Hohenheimer Einfachbeute,Ableger,,13.06.2025 Volk aus Zuchtstoff von Belegstelle,,,,,,,,,,,Gemülldiagnose,0,1,,,,,,,,,,,,Nein,,,,,,10.4,einseitig
19.10.25 00:00,Volk 8,Zwirle 1,Zander,Zander flach (159mm),Liebig / Hohenheimer Einfachbeute,Sonstiges,,"11.05.2025 Königinnenableger
Evtl 2025 still umgeweiselt?",,,,,,,,,,,Gemülldiagnose,1,1,,,,,,,,,,,,Nein,,,,,,12.2,einseitig
19.10.25 12:00,Volk 3,Zwirle 1,Zander,Zander flach (159mm),Liebig / Hohenheimer Einfachbeute,Ableger,,im Juni 2025 vermutlich still umgeweiselt,,,,,,,,,,,Gemülldiagnose,1,1,,,,,,,,,,,,Nein,,,,,,20.7,einseitig
19.10.25 12:00,Volk 5,Zwirle 1,Zander,Zander flach (159mm),Liebig / Hohenheimer Einfachbeute,Ableger,,03.05.2025 Ableger gebildet,"Zarge für Ameisensäure aufgesetzt.
2 Streifen Formicpro - 17.10.",,,,,,,,,,Gemülldiagnose,11,1,,,,,,,,,,,,Nein,,,,,,,
19.10.25 12:00,Volk 7,Zwirle 1,Zander,Zander flach (159mm),Liebig / Hohenheimer Einfachbeute,Ableger,,"11.05.2025 Ableger gebildet
25.06.2025 Neustart mit Königin aus Zuchtstoff von Belegstelle.",,,,,,,,,,,Gemülldiagnose,0,1,,,,,,,,,,,,Nein,,,,,,11.1,einseitig
19.10.25 12:00,Volk 10,Zwirle 1,Zander,Zander flach (159mm),Liebig / Hohenheimer Einfachbeute,Ableger,,"Volk mit Zuchtstoff von Belegstelle gestartet
Später mit Schwarm vom Legoland vereinigt.
im Winter kaputt gegangen.","Zarge für Ameisensäure aufgesetzt.
2 Streifen Formicpro - 17.10.",,,,,,,,,,Gemülldiagnose,32,1,,,,,,,,,,,,Nein,,,,,,,einseitig
19.10.25 12:00,Volk 4,Zwirle 1,Zander,Zander flach (159mm),Liebig / Hohenheimer Einfachbeute,Wirtschaftsvolk,,vermutlich im Juni 2025 umgeweiselt,,,,,,,,,,,Gemülldiagnose,11,1,,,,,,,,,,,,Nein,,,,,,20.2,einseitig
19.10.25 13:00,Volk 2,Zwirle 1,Zander,Zander flach (159mm),Liebig / Hohenheimer Einfachbeute,Wirtschaftsvolk,,ca 30.05.2025 umgeweiselt,,,,,,,,,,,Gemülldiagnose,7,1,,,,,,,,,,,,Nein,,,,,,20.9,einseitig
19.10.25 22:20,Volk 1,Zwirle 1,Zander,Zander flach (159mm),Liebig / Hohenheimer Einfachbeute,Ableger,1,"27.04.2024 Ableger 3 und 4 gebildet aus Volk 1
27.04.2025 Königin aus Weiselprobe von Volk 4 gezogen.",,,,,,,,,,,Gemülldiagnose,10,1,,,,,,,,,,,,Nein,,,,,,19.0,einseitig
19.10.25 23:50,Volk 6,Zwirle 1,Zander,Zander flach (159mm),Liebig / Hohenheimer Einfachbeute,Ableger,,03.05.2025 Ableger gebildet,,,,,,,,,,,Gemülldiagnose,0,1,,,,,,,,,,,,Nein,,,,,,13.3,einseitig
21.10.25 12:00,Volk 10,Zwirle 1,Zander,Zander flach (159mm),Liebig / Hohenheimer Einfachbeute,Ableger,,"Volk mit Zuchtstoff von Belegstelle gestartet
Später mit Schwarm vom Legoland vereinigt.
im Winter kaputt gegangen.",,,,,,,,,,,Gemülldiagnose,46,2,,,,,,,,,,,,Nein,,,,,,,
21.10.25 12:00,Volk 8,Zwirle 1,Zander,Zander flach (159mm),Liebig / Hohenheimer Einfachbeute,Sonstiges,,"11.05.2025 Königinnenableger
Evtl 2025 still umgeweiselt?",,,,,,,,,,,Gemülldiagnose,2,2,,,,,,,,,,,,Nein,,,,,,,
21.10.25 12:00,Volk 7,Zwirle 1,Zander,Zander flach (159mm),Liebig / Hohenheimer Einfachbeute,Ableger,,"11.05.2025 Ableger gebildet
25.06.2025 Neustart mit Königin aus Zuchtstoff von Belegstelle.",,,,,,,,,,,Gemülldiagnose,9,2,,,,,,,,,,,,Nein,,,,,,,
21.10.25 12:00,Volk 3,Zwirle 1,Zander,Zander flach (159mm),Liebig / Hohenheimer Einfachbeute,Ableger,,im Juni 2025 vermutlich still umgeweiselt,,,,,,,,,,,Gemülldiagnose,3,2,,,,,,,,,,,,Nein,,,,,,,einseitig
21.10.25 12:00,Volk 5,Zwirle 1,Zander,Zander flach (159mm),Liebig / Hohenheimer Einfachbeute,Ableger,,03.05.2025 Ableger gebildet,,,,,,,,,,,Gemülldiagnose,18,2,,,,,,,,,,,,Nein,,,,,,,
21.10.25 12:00,Volk 9,Zwirle 1,Zander,Zander flach (159mm),Liebig / Hohenheimer Einfachbeute,Ableger,,13.06.2025 Volk aus Zuchtstoff von Belegstelle,,,,,,,,,,,Gemülldiagnose,2,2,,,,,,,,,,,,Nein,,,,,,,
21.10.25 12:00,Volk 2,Zwirle 1,Zander,Zander flach (159mm),Liebig / Hohenheimer Einfachbeute,Wirtschaftsvolk,,ca 30.05.2025 umgeweiselt,,,,,,,,,,,Gemülldiagnose,5,2,,,,,,,,,,,,Nein,,,,,,,
21.10.25 12:00,Volk 4,Zwirle 1,Zander,Zander flach (159mm),Liebig / Hohenheimer Einfachbeute,Wirtschaftsvolk,,vermutlich im Juni 2025 umgeweiselt,,,,,,,,,,,Gemülldiagnose,13,2,,,,,,,,,,,,Nein,,,,,,,
21.10.25 22:20,Volk 1,Zwirle 1,Zander,Zander flach (159mm),Liebig / Hohenheimer Einfachbeute,Ableger,1,"27.04.2024 Ableger 3 und 4 gebildet aus Volk 1
27.04.2025 Königin aus Weiselprobe von Volk 4 gezogen.",,,,,,,,,,,Gemülldiagnose,21,2,,,,,,,,,,,,Nein,,,,,,,
21.10.25 23:50,Volk 6,Zwirle 1,Zander,Zander flach (159mm),Liebig / Hohenheimer Einfachbeute,Ableger,,03.05.2025 Ableger gebildet,,,,,,,,,,,Gemülldiagnose,3,2,,,,,,,,,,,,Nein,,,,,,,
22.10.25 21:10,Volk 1,Zwirle 1,Zander,Zander flach (159mm),Liebig / Hohenheimer Einfachbeute,Ableger,1,"27.04.2024 Ableger 3 und 4 gebildet aus Volk 1
27.04.2025 Königin aus Weiselprobe von Volk 4 gezogen.",,,,,,,,,,,Gemülldiagnose,3,1,,,,,,,,,,,,Nein,,,,,,,
24.10.25 07:00,Volk 4,Zwirle 1,Zander,Zander flach (159mm),Liebig / Hohenheimer Einfachbeute,Wirtschaftsvolk,,vermutlich im Juni 2025 umgeweiselt,"Windelschieber entfernt
Mäusegitter angebracht",,,,,,,,,,,,,,,,,,,,,,,,Nein,,,,,,,
24.10.25 12:00,Volk 8,Zwirle 1,Zander,Zander flach (159mm),Liebig / Hohenheimer Einfachbeute,Sonstiges,,"11.05.2025 Königinnenableger
Evtl 2025 still umgeweiselt?","Windelschieber entfernt
Mäusegitter angebracht",,,,,,,,,,,,,,,,,,,,,,,,Nein,,,,,,,
24.10.25 12:00,Volk 7,Zwirle 1,Zander,Zander flach (159mm),Liebig / Hohenheimer Einfachbeute,Ableger,,"11.05.2025 Ableger gebildet
25.06.2025 Neustart mit Königin aus Zuchtstoff von Belegstelle.","Windelschieber entfernt
Mäusegitter angebracht",,,,,,,,,,,,,,,,,,,,,,,,Nein,,,,,,,
24.10.25 12:00,Volk 1,Zwirle 1,Zander,Zander flach (159mm),Liebig / Hohenheimer Einfachbeute,Ableger,1,"27.04.2024 Ableger 3 und 4 gebildet aus Volk 1
27.04.2025 Königin aus Weiselprobe von Volk 4 gezogen.","Windelschieber entfernt
Mäusegitter angebracht",,,,,,,,,,,,,,,,,,,,,,,,Nein,,,,,,,
24.10.25 12:00,Volk 6,Zwirle 1,Zander,Zander flach (159mm),Liebig / Hohenheimer Einfachbeute,Ableger,,03.05.2025 Ableger gebildet,"Windelschieber entfernt
Mäusegitter angebracht",,,,,,,,,,,,,,,,,,,,,,,,Nein,,,,,,,
24.10.25 12:00,Volk 5,Zwirle 1,Zander,Zander flach (159mm),Liebig / Hohenheimer Einfachbeute,Ableger,,03.05.2025 Ableger gebildet,"Windelschieber entfernt
Mäusegitter angebracht
Formicpro-Streifen entfernt",,,,,,,,,,,,,,,,,,,,,,,,Nein,,,,,,,
24.10.25 12:00,Volk 10,Zwirle 1,Zander,Zander flach (159mm),Liebig / Hohenheimer Einfachbeute,Ableger,,"Volk mit Zuchtstoff von Belegstelle gestartet
Später mit Schwarm vom Legoland vereinigt.
im Winter kaputt gegangen.","Windelschieber entfernt
Mäusegitter angebracht
Formicpro-Streifen entfernt",,,,,,,,,,,,,,,,,,,,,,,,Nein,,,,,,,
24.10.25 12:00,Volk 2,Zwirle 1,Zander,Zander flach (159mm),Liebig / Hohenheimer Einfachbeute,Wirtschaftsvolk,,ca 30.05.2025 umgeweiselt,"Windelschieber entfernt
Mäusegitter angebracht",,,,,,,,,,,,,,,,,,,,,,,,Nein,,,,,,,
24.10.25 12:00,Volk 3,Zwirle 1,Zander,Zander flach (159mm),Liebig / Hohenheimer Einfachbeute,Ableger,,im Juni 2025 vermutlich still umgeweiselt,"Windelschieber entfernt
Mäusegitter angebracht",,,,,,,,,,,,,,,,,,,,,,,,Nein,,,,,,,
24.10.25 12:00,Volk 9,Zwirle 1,Zander,Zander flach (159mm),Liebig / Hohenheimer Einfachbeute,Ableger,,13.06.2025 Volk aus Zuchtstoff von Belegstelle,"Windelschieber entfernt
Mäusegitter angebracht",,,,,,,,,,,,,,,,,,,,,,,,Nein,,,,,,,
08.11.25 07:30,Volk 7,Zwirle 1,Zander,Zander flach (159mm),Liebig / Hohenheimer Einfachbeute,Ableger,,"11.05.2025 Ableger gebildet
25.06.2025 Neustart mit Königin aus Zuchtstoff von Belegstelle.","Gesamtfuttermenge 9,8kg",,,,,,,,,,,,,,,,,,,,,,,,Nein,,,,Invertzuckersirup,2.1,11.0,einseitig
08.11.25 12:00,Volk 2,Zwirle 1,Zander,Zander flach (159mm),Liebig / Hohenheimer Einfachbeute,Wirtschaftsvolk,,ca 30.05.2025 umgeweiselt,,,,,,,,,,,,,,,,,,,,,,,,,Nein,,,,,,19.6,einseitig
08.11.25 12:00,Volk 5,Zwirle 1,Zander,Zander flach (159mm),Liebig / Hohenheimer Einfachbeute,Ableger,,03.05.2025 Ableger gebildet,,,,,,,,,,,,,,,,,,,,,,,,,Nein,,,,,,22.7,einseitig
08.11.25 12:00,Volk 8,Zwirle 1,Zander,Zander flach (159mm),Liebig / Hohenheimer Einfachbeute,Sonstiges,,"11.05.2025 Königinnenableger
Evtl 2025 still umgeweiselt?",,,,,,,,,,,,,,,,,,,,,,,,,Nein,,,,,,10.2,einseitig
08.11.25 12:00,Volk 4,Zwirle 1,Zander,Zander flach (159mm),Liebig / Hohenheimer Einfachbeute,Wirtschaftsvolk,,vermutlich im Juni 2025 umgeweiselt,,,,,,,,,,,,,,,,,,,,,,,,,Nein,,,,,,19.4,einseitig
08.11.25 12:00,Volk 3,Zwirle 1,Zander,Zander flach (159mm),Liebig / Hohenheimer Einfachbeute,Ableger,,im Juni 2025 vermutlich still umgeweiselt,,,,,,,,,,,,,,,,,,,,,,,,,Nein,,,,,,19.6,einseitig
08.11.25 12:00,Volk 6,Zwirle 1,Zander,Zander flach (159mm),Liebig / Hohenheimer Einfachbeute,Ableger,,03.05.2025 Ableger gebildet,,,,,,,,,,,,,,,,,,,,,,,,,Nein,,,,,,12.7,einseitig
08.11.25 12:00,Volk 10,Zwirle 1,Zander,Zander flach (159mm),Liebig / Hohenheimer Einfachbeute,Ableger,,"Volk mit Zuchtstoff von Belegstelle gestartet
Später mit Schwarm vom Legoland vereinigt.
im Winter kaputt gegangen.",,,,,,,,,,,,,,,,,,,,,,,,,Nein,,,,,,15.3,einseitig
08.11.25 12:00,Volk 1,Zwirle 1,Zander,Zander flach (159mm),Liebig / Hohenheimer Einfachbeute,Ableger,1,"27.04.2024 Ableger 3 und 4 gebildet aus Volk 1
27.04.2025 Königin aus Weiselprobe von Volk 4 gezogen.",,,,,,,,,,,,,,,,,,,,,,,,,Nein,,,,,,17.9,einseitig
08.11.25 12:00,Volk 9,Zwirle 1,Zander,Zander flach (159mm),Liebig / Hohenheimer Einfachbeute,Ableger,,13.06.2025 Volk aus Zuchtstoff von Belegstelle,"Gesamtfuttermenge 10,5kg",,,,,,,,,,,,,,,,,,,,,,,,Nein,,,,Invertzuckersirup,2.1,,
12.11.25 12:00,Volk 1,Zwirle 1,Zander,Zander flach (159mm),Liebig / Hohenheimer Einfachbeute,Ableger,1,"27.04.2024 Ableger 3 und 4 gebildet aus Volk 1
27.04.2025 Königin aus Weiselprobe von Volk 4 gezogen.",2 Futterwaben für Futtertasche entnommen,,,,,,,,,,,,,,,,,,,,,,,,Nein,,,,Invertzuckersirup,1.05,,
13.11.25 07:30,Volk 1,Zwirle 1,Zander,Zander flach (159mm),Liebig / Hohenheimer Einfachbeute,Ableger,1,"27.04.2024 Ableger 3 und 4 gebildet aus Volk 1
27.04.2025 Königin aus Weiselprobe von Volk 4 gezogen.",,,,,,,,,,,,,,,,,,,,,,,,,Nein,,,,Invertzuckersirup,2.1,,
23.11.25 07:30,Volk 1,Zwirle 1,Zander,Zander flach (159mm),Liebig / Hohenheimer Einfachbeute,Ableger,1,"27.04.2024 Ableger 3 und 4 gebildet aus Volk 1
27.04.2025 Königin aus Weiselprobe von Volk 4 gezogen.",,,,,,,,,,,,,,,,,,,,,,,,,Nein,,,,,,17.0,einseitig
23.11.25 07:30,Volk 3,Zwirle 1,Zander,Zander flach (159mm),Liebig / Hohenheimer Einfachbeute,Ableger,,im Juni 2025 vermutlich still umgeweiselt,,,,,,,,,,,,,,,,,,,,,,,,,Nein,,,,,,18.7,einseitig
23.11.25 12:00,Volk 8,Zwirle 1,Zander,Zander flach (159mm),Liebig / Hohenheimer Einfachbeute,Sonstiges,,"11.05.2025 Königinnenableger
Evtl 2025 still umgeweiselt?",,,,,,,,,,,,,,,,,,,,,,,,,Nein,,,,,,12.0,einseitig
23.11.25 12:00,Volk 5,Zwirle 1,Zander,Zander flach (159mm),Liebig / Hohenheimer Einfachbeute,Ableger,,03.05.2025 Ableger gebildet,,,,,,,,,,,,,,,,,,,,,,,,,Nein,,,,,,21.8,einseitig
23.11.25 12:00,Volk 4,Zwirle 1,Zander,Zander flach (159mm),Liebig / Hohenheimer Einfachbeute,Wirtschaftsvolk,,vermutlich im Juni 2025 umgeweiselt,,,,,,,,,,,,,,,,,,,,,,,,,Nein,,,,,,19.0,einseitig
23.11.25 12:00,Volk 9,Zwirle 1,Zander,Zander flach (159mm),Liebig / Hohenheimer Einfachbeute,Ableger,,13.06.2025 Volk aus Zuchtstoff von Belegstelle,,,,,,,,,,,,,,,,,,,,,,,,,Nein,,,,,,10.7,einseitig
23.11.25 12:00,Volk 6,Zwirle 1,Zander,Zander flach (159mm),Liebig / Hohenheimer Einfachbeute,Ableger,,03.05.2025 Ableger gebildet,,,,,,,,,,,,,,,,,,,,,,,,,Nein,,,,,,11.9,einseitig
23.11.25 12:00,Volk 10,Zwirle 1,Zander,Zander flach (159mm),Liebig / Hohenheimer Einfachbeute,Ableger,,"Volk mit Zuchtstoff von Belegstelle gestartet
Später mit Schwarm vom Legoland vereinigt.
im Winter kaputt gegangen.","2 Waben für Futterbehälter entnommen
Gesamtfuttermenge 12,95kg",,,,,,,,,,,,,,,,,,,,,,,,Nein,,,,Invertzuckersirup,1.75,15.8,einseitig
23.11.25 12:00,Volk 2,Zwirle 1,Zander,Zander flach (159mm),Liebig / Hohenheimer Einfachbeute,Wirtschaftsvolk,,ca 30.05.2025 umgeweiselt,,,,,,,,,,,,,,,,,,,,,,,,,Nein,,,,,,19.0,einseitig
23.11.25 12:00,Volk 7,Zwirle 1,Zander,Zander flach (159mm),Liebig / Hohenheimer Einfachbeute,Ableger,,"11.05.2025 Ableger gebildet
25.06.2025 Neustart mit Königin aus Zuchtstoff von Belegstelle.",,,,,,,,,,,,,,,,,,,,,,,,,Nein,,,,,,11.6,einseitig
07.12.25 08:00,Volk 6,Zwirle 1,Zander,Zander flach (159mm),Liebig / Hohenheimer Einfachbeute,Ableger,,03.05.2025 Ableger gebildet,,,,,,,,,,,Gemülldiagnose,3,10,,,,,,,,,,,,Nein,,,,,,,
07.12.25 08:00,Volk 9,Zwirle 1,Zander,Zander flach (159mm),Liebig / Hohenheimer Einfachbeute,Ableger,,13.06.2025 Volk aus Zuchtstoff von Belegstelle,,,,,,,,,,,Gemülldiagnose,13,10,,,,,,,,,,,,Nein,,,,,,,
07.12.25 12:00,Volk 2,Zwirle 1,Zander,Zander flach (159mm),Liebig / Hohenheimer Einfachbeute,Wirtschaftsvolk,,ca 30.05.2025 umgeweiselt,,,,,,,,,,,Gemülldiagnose,12,10,,,,,,,,,,,,Nein,,,,,,,
07.12.25 12:00,Volk 1,Zwirle 1,Zander,Zander flach (159mm),Liebig / Hohenheimer Einfachbeute,Ableger,1,"27.04.2024 Ableger 3 und 4 gebildet aus Volk 1
27.04.2025 Königin aus Weiselprobe von Volk 4 gezogen.",,,,,,,,,,,Gemülldiagnose,50,10,,,,,,,,,,,,Nein,,,,,,,
07.12.25 12:00,Volk 7,Zwirle 1,Zander,Zander flach (159mm),Liebig / Hohenheimer Einfachbeute,Ableger,,"11.05.2025 Ableger gebildet
25.06.2025 Neustart mit Königin aus Zuchtstoff von Belegstelle.",,,,,,,,,,,Gemülldiagnose,12,10,,,,,,,,,,,,Nein,,,,,,,
07.12.25 12:00,Volk 3,Zwirle 1,Zander,Zander flach (159mm),Liebig / Hohenheimer Einfachbeute,Ableger,,im Juni 2025 vermutlich still umgeweiselt,,,,,,,,,,,Gemülldiagnose,5,10,,,,,,,,,,,,Nein,,,,,,,
07.12.25 12:00,Volk 5,Zwirle 1,Zander,Zander flach (159mm),Liebig / Hohenheimer Einfachbeute,Ableger,,03.05.2025 Ableger gebildet,,,,,,,,,,,Gemülldiagnose,16,10,,,,,,,,,,,,Nein,,,,,,,
07.12.25 12:00,Volk 8,Zwirle 1,Zander,Zander flach (159mm),Liebig / Hohenheimer Einfachbeute,Sonstiges,,"11.05.2025 Königinnenableger
Evtl 2025 still umgeweiselt?",,,,,,,,,,,Gemülldiagnose,8,10,,,,,,,,,,,,Nein,,,,,,,
07.12.25 12:00,Volk 4,Zwirle 1,Zander,Zander flach (159mm),Liebig / Hohenheimer Einfachbeute,Wirtschaftsvolk,,vermutlich im Juni 2025 umgeweiselt,,,,,,,,,,,Gemülldiagnose,9,10,,,,,,,,,,,,Nein,,,,,,,
15.12.25 07:40,Volk 1,Zwirle 1,Zander,Zander flach (159mm),Liebig / Hohenheimer Einfachbeute,Ableger,1,"27.04.2024 Ableger 3 und 4 gebildet aus Volk 1
27.04.2025 Königin aus Weiselprobe von Volk 4 gezogen.",Futtertasche raus und 2 Futterwaben wieder rein,,,,,,,,,,,,,Oxalsäure Bernburg 40 mg/ml Konzentrat,Träufeln,,50.0,,,,,,,,Nein,,,,,,,
15.12.25 07:50,Volk 2,Zwirle 1,Zander,Zander flach (159mm),Liebig / Hohenheimer Einfachbeute,Wirtschaftsvolk,,ca 30.05.2025 umgeweiselt,,,,,,,,,,,,,,Oxalsäure Bernburg 40 mg/ml Konzentrat,Träufeln,,50.0,,,,,,,,Nein,,,,,,,
15.12.25 08:00,Volk 7,Zwirle 1,Zander,Zander flach (159mm),Liebig / Hohenheimer Einfachbeute,Ableger,,"11.05.2025 Ableger gebildet
25.06.2025 Neustart mit Königin aus Zuchtstoff von Belegstelle.",Futtertasche raus und 2 Futterwaben von Volk 10 eingehängt,,,,,,,,,,,,,Oxalsäure Bernburg 40 mg/ml Konzentrat,Träufeln,,25.0,,,,,,,,Nein,,,,,,,
15.12.25 08:00,Volk 9,Zwirle 1,Zander,Zander flach (159mm),Liebig / Hohenheimer Einfachbeute,Ableger,,13.06.2025 Volk aus Zuchtstoff von Belegstelle,Futtertasche raus und 2 Futterwaben von Volk 10 eingehängt,,,,,,,,,,,,,Oxalsäure Bernburg 40 mg/ml Konzentrat,Träufeln,,25.0,,,,,,,,Nein,,,,,,,
15.12.25 12:00,Volk 8,Zwirle 1,Zander,Zander flach (159mm),Liebig / Hohenheimer Einfachbeute,Sonstiges,,"11.05.2025 Königinnenableger
Evtl 2025 still umgeweiselt?",,,,,,,,,,,,,,Oxalsäure Bernburg 40 mg/ml Konzentrat,Träufeln,,30.0,,,,,,,,Nein,,,,,,,
15.12.25 12:00,Volk 4,Zwirle 1,Zander,Zander flach (159mm),Liebig / Hohenheimer Einfachbeute,Wirtschaftsvolk,,vermutlich im Juni 2025 umgeweiselt,,,,,,,,,,,,,,Oxalsäure Bernburg 40 mg/ml Konzentrat,Träufeln,,40.0,,,,,,,,Nein,,,,,,,
15.12.25 12:00,Volk 3,Zwirle 1,Zander,Zander flach (159mm),Liebig / Hohenheimer Einfachbeute,Ableger,,im Juni 2025 vermutlich still umgeweiselt,,,,,,,,,,,,,,Oxalsäure Bernburg 40 mg/ml Konzentrat,Träufeln,,50.0,,,,,,,,Nein,,,,,,,
15.12.25 12:00,Volk 6,Zwirle 1,Zander,Zander flach (159mm),Liebig / Hohenheimer Einfachbeute,Ableger,,03.05.2025 Ableger gebildet,,,,,,,,,,,,,,Oxalsäure Bernburg 40 mg/ml Konzentrat,Träufeln,,35.0,,,,,,,,Nein,,,,,,,
15.12.25 12:00,Volk 5,Zwirle 1,Zander,Zander flach (159mm),Liebig / Hohenheimer Einfachbeute,Ableger,,03.05.2025 Ableger gebildet,,,,,,,,,,,,,,Oxalsäure Bernburg 40 mg/ml Konzentrat,Träufeln,,50.0,,,,,,,,Nein,,,,,,,
21.12.25 07:40,Volk 1,Zwirle 1,Zander,Zander flach (159mm),Liebig / Hohenheimer Einfachbeute,Ableger,1,"27.04.2024 Ableger 3 und 4 gebildet aus Volk 1
27.04.2025 Königin aus Weiselprobe von Volk 4 gezogen.",,,,,,,,,,,,,,,,,,,,,,,,,Nein,,,,,,18.4,einseitig
21.12.25 07:50,Volk 2,Zwirle 1,Zander,Zander flach (159mm),Liebig / Hohenheimer Einfachbeute,Wirtschaftsvolk,,ca 30.05.2025 umgeweiselt,,,,,,,,,,,,,,,,,,,,,,,,,Nein,,,,,,18.8,einseitig
21.12.25 08:00,Volk 7,Zwirle 1,Zander,Zander flach (159mm),Liebig / Hohenheimer Einfachbeute,Ableger,,"11.05.2025 Ableger gebildet
25.06.2025 Neustart mit Königin aus Zuchtstoff von Belegstelle.",,,,,,,,,,,,,,,,,,,,,,,,,Nein,,,,,,12.8,einseitig
21.12.25 08:00,Volk 8,Zwirle 1,Zander,Zander flach (159mm),Liebig / Hohenheimer Einfachbeute,Sonstiges,,"11.05.2025 Königinnenableger
Evtl 2025 still umgeweiselt?",,,,,,,,,,,,,,,,,,,,,,,,,Nein,,,,,,11.9,einseitig
21.12.25 08:00,Volk 9,Zwirle 1,Zander,Zander flach (159mm),Liebig / Hohenheimer Einfachbeute,Ableger,,13.06.2025 Volk aus Zuchtstoff von Belegstelle,,,,,,,,,,,,,,,,,,,,,,,,,Nein,,,,,,12.4,einseitig
21.12.25 08:00,Volk 6,Zwirle 1,Zander,Zander flach (159mm),Liebig / Hohenheimer Einfachbeute,Ableger,,03.05.2025 Ableger gebildet,,,,,,,,,,,,,,,,,,,,,,,,,Nein,,,,,,12.5,einseitig
21.12.25 12:00,Volk 4,Zwirle 1,Zander,Zander flach (159mm),Liebig / Hohenheimer Einfachbeute,Wirtschaftsvolk,,vermutlich im Juni 2025 umgeweiselt,,,,,,,,,,,,,,,,,,,,,,,,,Nein,,,,,,19.1,einseitig
21.12.25 12:00,Volk 5,Zwirle 1,Zander,Zander flach (159mm),Liebig / Hohenheimer Einfachbeute,Ableger,,03.05.2025 Ableger gebildet,,,,,,,,,,,,,,,,,,,,,,,,,Nein,,,,,,21.5,einseitig
21.12.25 12:00,Volk 3,Zwirle 1,Zander,Zander flach (159mm),Liebig / Hohenheimer Einfachbeute,Ableger,,im Juni 2025 vermutlich still umgeweiselt,,,,,,,,,,,,,,,,,,,,,,,,,Nein,,,,,,18.9,einseitig
27.12.25 07:40,Volk 1,Zwirle 1,Zander,Zander flach (159mm),Liebig / Hohenheimer Einfachbeute,Ableger,1,"27.04.2024 Ableger 3 und 4 gebildet aus Volk 1
27.04.2025 Königin aus Weiselprobe von Volk 4 gezogen.",,,,,,,,,,,Gemülldiagnose,15,3,,,,,,,,,,,,Nein,,,,,,,
27.12.25 08:00,Volk 6,Zwirle 1,Zander,Zander flach (159mm),Liebig / Hohenheimer Einfachbeute,Ableger,,03.05.2025 Ableger gebildet,,,,,,,,,,,Gemülldiagnose,8,3,,,,,,,,,,,,Nein,,,,,,,
27.12.25 12:00,Volk 7,Zwirle 1,Zander,Zander flach (159mm),Liebig / Hohenheimer Einfachbeute,Ableger,,"11.05.2025 Ableger gebildet
25.06.2025 Neustart mit Königin aus Zuchtstoff von Belegstelle.",,,,,,,,,,,Gemülldiagnose,5,3,,,,,,,,,,,,Nein,,,,,,,
27.12.25 12:00,Volk 3,Zwirle 1,Zander,Zander flach (159mm),Liebig / Hohenheimer Einfachbeute,Ableger,,im Juni 2025 vermutlich still umgeweiselt,,,,,,,,,,,Gemülldiagnose,12,3,,,,,,,,,,,,Nein,,,,,,,
27.12.25 12:00,Volk 4,Zwirle 1,Zander,Zander flach (159mm),Liebig / Hohenheimer Einfachbeute,Wirtschaftsvolk,,vermutlich im Juni 2025 umgeweiselt,,,,,,,,,,,Gemülldiagnose,0,3,,,,,,,,,,,,Nein,,,,,,,
27.12.25 12:00,Volk 9,Zwirle 1,Zander,Zander flach (159mm),Liebig / Hohenheimer Einfachbeute,Ableger,,13.06.2025 Volk aus Zuchtstoff von Belegstelle,,,,,,,,,,,Gemülldiagnose,6,3,,,,,,,,,,,,Nein,,,,,,,
27.12.25 12:00,Volk 5,Zwirle 1,Zander,Zander flach (159mm),Liebig / Hohenheimer Einfachbeute,Ableger,,03.05.2025 Ableger gebildet,,,,,,,,,,,Gemülldiagnose,9,3,,,,,,,,,,,,Nein,,,,,,,
27.12.25 12:00,Volk 2,Zwirle 1,Zander,Zander flach (159mm),Liebig / Hohenheimer Einfachbeute,Wirtschaftsvolk,,ca 30.05.2025 umgeweiselt,,,,,,,,,,,Gemülldiagnose,10,3,,,,,,,,,,,,Nein,,,,,,,
27.12.25 12:00,Volk 10,Zwirle 1,Zander,Zander flach (159mm),Liebig / Hohenheimer Einfachbeute,Ableger,,"Volk mit Zuchtstoff von Belegstelle gestartet
Später mit Schwarm vom Legoland vereinigt.
im Winter kaputt gegangen.","Volk leider tot
ca 50-100 tote Bienen auf Gitterboden - REST leer",,,,,,,,,,,,,,,,,,,,,,,,Nein,,,,,,,
27.12.25 12:00,Volk 8,Zwirle 1,Zander,Zander flach (159mm),Liebig / Hohenheimer Einfachbeute,Sonstiges,,"11.05.2025 Königinnenableger
Evtl 2025 still umgeweiselt?",,,,,,,,,,,Gemülldiagnose,2,3,,,,,,,,,,,,Nein,,,,,,,
09.01.26 14:20,Volk 1,Zwirle 1,Zander,Zander flach (159mm),Liebig / Hohenheimer Einfachbeute,Ableger,1,"27.04.2024 Ableger 3 und 4 gebildet aus Volk 1
27.04.2025 Königin aus Weiselprobe von Volk 4 gezogen.",,,,,,,,,,,Gemülldiagnose,5,5,,,,,,,,,,,,Nein,,,,,,17.6,einseitig
09.01.26 14:30,Volk 2,Zwirle 1,Zander,Zander flach (159mm),Liebig / Hohenheimer Einfachbeute,Wirtschaftsvolk,,ca 30.05.2025 umgeweiselt,,,,,,,,,,,Gemülldiagnose,6,5,,,,,,,,,,,,Nein,,,,,,18.4,einseitig
09.01.26 14:30,Volk 4,Zwirle 1,Zander,Zander flach (159mm),Liebig / Hohenheimer Einfachbeute,Wirtschaftsvolk,,vermutlich im Juni 2025 umgeweiselt,,,,,,,,,,,Gemülldiagnose,4,5,,,,,,,,,,,,Nein,,,,,,18.6,einseitig
09.01.26 14:30,Volk 3,Zwirle 1,Zander,Zander flach (159mm),Liebig / Hohenheimer Einfachbeute,Ableger,,im Juni 2025 vermutlich still umgeweiselt,,,,,,,,,,,Gemülldiagnose,6,5,,,,,,,,,,,,Nein,,,,,,18.4,einseitig
09.01.26 14:40,Volk 6,Zwirle 1,Zander,Zander flach (159mm),Liebig / Hohenheimer Einfachbeute,Ableger,,03.05.2025 Ableger gebildet,,,,,,,,,,,Gemülldiagnose,2,5,,,,,,,,,,,,Nein,,,,,,11.9,einseitig
09.01.26 14:40,Volk 8,Zwirle 1,Zander,Zander flach (159mm),Liebig / Hohenheimer Einfachbeute,Sonstiges,,"11.05.2025 Königinnenableger
Evtl 2025 still umgeweiselt?",,,,,,,,,,,Gemülldiagnose,1,5,,,,,,,,,,,,Nein,,,,,,11.6,einseitig
09.01.26 14:40,Volk 5,Zwirle 1,Zander,Zander flach (159mm),Liebig / Hohenheimer Einfachbeute,Ableger,,03.05.2025 Ableger gebildet,,,,,,,,,,,Gemülldiagnose,36,5,,,,,,,,,,,,Nein,,,,,,21.3,einseitig
09.01.26 14:50,Volk 7,Zwirle 1,Zander,Zander flach (159mm),Liebig / Hohenheimer Einfachbeute,Ableger,,"11.05.2025 Ableger gebildet
25.06.2025 Neustart mit Königin aus Zuchtstoff von Belegstelle.",sehr wenig Gemüll...,,,,,,,,,,Gemülldiagnose,0,5,,,,,,,,,,,,Nein,,,,,,12.6,einseitig
09.01.26 14:50,Volk 9,Zwirle 1,Zander,Zander flach (159mm),Liebig / Hohenheimer Einfachbeute,Ableger,,13.06.2025 Volk aus Zuchtstoff von Belegstelle,,,,,,,,,,,Gemülldiagnose,8,5,,,,,,,,,,,,Nein,,,,,,12.1,einseitig
14.01.26 22:50,Volk 3,Zwirle 1,Zander,Zander flach (159mm),Liebig / Hohenheimer Einfachbeute,Ableger,,im Juni 2025 vermutlich still umgeweiselt,,,,,,,,,,,,,,,,,,,,,,,,,Nein,,,,,,,
18.01.26 11:50,Volk 3,Zwirle 1,Zander,Zander flach (159mm),Liebig / Hohenheimer Einfachbeute,Ableger,,im Juni 2025 vermutlich still umgeweiselt,,,,,,,,,,,Gemülldiagnose,24,9,,,,,,,,,,,,Nein,,,,,,18.2,einseitig
18.01.26 11:50,Volk 1,Zwirle 1,Zander,Zander flach (159mm),Liebig / Hohenheimer Einfachbeute,Ableger,1,"27.04.2024 Ableger 3 und 4 gebildet aus Volk 1
27.04.2025 Königin aus Weiselprobe von Volk 4 gezogen.",,,,,,,,,,,Gemülldiagnose,17,9,,,,,,,,,,,,Nein,,,,,,17.3,einseitig
18.01.26 11:50,Volk 2,Zwirle 1,Zander,Zander flach (159mm),Liebig / Hohenheimer Einfachbeute,Wirtschaftsvolk,,ca 30.05.2025 umgeweiselt,,,,,,,,,,,Gemülldiagnose,5,9,,,,,,,,,,,,Nein,,,,,,18.4,einseitig
18.01.26 12:00,Volk 6,Zwirle 1,Zander,Zander flach (159mm),Liebig / Hohenheimer Einfachbeute,Ableger,,03.05.2025 Ableger gebildet,,,,,,,,,,,Gemülldiagnose,20,9,,,,,,,,,,,,Nein,,,,,,12.0,einseitig
18.01.26 12:00,Volk 4,Zwirle 1,Zander,Zander flach (159mm),Liebig / Hohenheimer Einfachbeute,Wirtschaftsvolk,,vermutlich im Juni 2025 umgeweiselt,,,,,,,,,,,Gemülldiagnose,60,9,,,,,,,,,,,,Nein,,,,,,18.5,einseitig
18.01.26 12:00,Volk 5,Zwirle 1,Zander,Zander flach (159mm),Liebig / Hohenheimer Einfachbeute,Ableger,,03.05.2025 Ableger gebildet,,,,,,,,,,,Gemülldiagnose,80,9,,,,,,,,,,,,Nein,,,,,,21.1,einseitig
18.01.26 12:00,Volk 9,Zwirle 1,Zander,Zander flach (159mm),Liebig / Hohenheimer Einfachbeute,Ableger,,13.06.2025 Volk aus Zuchtstoff von Belegstelle,,,,,,,,,,,Gemülldiagnose,22,9,,,,,,,,,,,,Nein,,,,,,11.8,einseitig
18.01.26 12:00,Volk 8,Zwirle 1,Zander,Zander flach (159mm),Liebig / Hohenheimer Einfachbeute,Sonstiges,,"11.05.2025 Königinnenableger
Evtl 2025 still umgeweiselt?",,,,,,,,,,,Gemülldiagnose,3,9,,,,,,,,,,,,Nein,,,,,,11.6,einseitig
18.01.26 12:10,Volk 7,Zwirle 1,Zander,Zander flach (159mm),Liebig / Hohenheimer Einfachbeute,Ableger,,"11.05.2025 Ableger gebildet
25.06.2025 Neustart mit Königin aus Zuchtstoff von Belegstelle.",,,,,,,,,,,Gemülldiagnose,28,9,,,,,,,,,,,,Nein,,,,,,12.4,einseitig
23.01.26 11:00,Volk 4,Zwirle 1,Zander,Zander flach (159mm),Liebig / Hohenheimer Einfachbeute,Wirtschaftsvolk,,vermutlich im Juni 2025 umgeweiselt,zurückliegend 5 sehr kalte Tage,,,,,,,,,,Gemülldiagnose,1,5,,,,,,,,,,,,Nein,,,,,,,
23.01.26 11:00,Volk 3,Zwirle 1,Zander,Zander flach (159mm),Liebig / Hohenheimer Einfachbeute,Ableger,,im Juni 2025 vermutlich still umgeweiselt,zurückliegend 5 sehr kalte Tage,,,,,,,,,,Gemülldiagnose,2,5,,,,,,,,,,,,Nein,,,,,,,
23.01.26 11:00,Volk 2,Zwirle 1,Zander,Zander flach (159mm),Liebig / Hohenheimer Einfachbeute,Wirtschaftsvolk,,ca 30.05.2025 umgeweiselt,zurückliegend 5 sehr kalte Tage,,,,,,,,,,Gemülldiagnose,0,5,,,,,,,,,,,,Nein,,,,,,,
23.01.26 11:00,Volk 1,Zwirle 1,Zander,Zander flach (159mm),Liebig / Hohenheimer Einfachbeute,Ableger,1,"27.04.2024 Ableger 3 und 4 gebildet aus Volk 1
27.04.2025 Königin aus Weiselprobe von Volk 4 gezogen.",zurückliegend 5 sehr kalte Tage,,,,,,,,,,Gemülldiagnose,3,5,,,,,,,,,,,,Nein,,,,,,,
23.01.26 11:10,Volk 8,Zwirle 1,Zander,Zander flach (159mm),Liebig / Hohenheimer Einfachbeute,Sonstiges,,"11.05.2025 Königinnenableger
Evtl 2025 still umgeweiselt?","zurückliegend 5 sehr kalte Tage
trotzdem relativ viel Gemüll",,,,,,,,,,Gemülldiagnose,0,5,,,,,,,,,,,,Nein,,,,,,,
23.01.26 11:10,Volk 5,Zwirle 1,Zander,Zander flach (159mm),Liebig / Hohenheimer Einfachbeute,Ableger,,03.05.2025 Ableger gebildet,zurückliegend 5 sehr kalte Tage,,,,,,,,,,Gemülldiagnose,5,5,,,,,,,,,,,,Nein,,,,,,,
23.01.26 11:10,Volk 9,Zwirle 1,Zander,Zander flach (159mm),Liebig / Hohenheimer Einfachbeute,Ableger,,13.06.2025 Volk aus Zuchtstoff von Belegstelle,zurückliegend 5 sehr kalte Tage,,,,,,,,,,Gemülldiagnose,0,5,,,,,,,,,,,,Nein,,,,,,,
23.01.26 11:10,Volk 6,Zwirle 1,Zander,Zander flach (159mm),Liebig / Hohenheimer Einfachbeute,Ableger,,03.05.2025 Ableger gebildet,zurückliegend 5 sehr kalte Tage,,,,,,,,,,Gemülldiagnose,0,5,,,,,,,,,,,,Nein,,,,,,,
23.01.26 11:10,Volk 7,Zwirle 1,Zander,Zander flach (159mm),Liebig / Hohenheimer Einfachbeute,Ableger,,"11.05.2025 Ableger gebildet
25.06.2025 Neustart mit Königin aus Zuchtstoff von Belegstelle.",,,,,,,,,,,Gemülldiagnose,1,5,,,,,,,,,,,,Nein,,,,,,,
31.01.26 13:10,Volk 3,Zwirle 1,Zander,Zander flach (159mm),Liebig / Hohenheimer Einfachbeute,Ableger,,im Juni 2025 vermutlich still umgeweiselt,,,,,,,,,,,Gemülldiagnose,3,8,,,,,,,,,,,,Nein,,,,,,18.0,einseitig
31.01.26 13:10,Volk 2,Zwirle 1,Zander,Zander flach (159mm),Liebig / Hohenheimer Einfachbeute,Wirtschaftsvolk,,ca 30.05.2025 umgeweiselt,,,,,,,,,,,Gemülldiagnose,2,8,,,,,,,,,,,,Nein,,,,,,17.9,einseitig
31.01.26 13:10,Volk 1,Zwirle 1,Zander,Zander flach (159mm),Liebig / Hohenheimer Einfachbeute,Ableger,1,"27.04.2024 Ableger 3 und 4 gebildet aus Volk 1
27.04.2025 Königin aus Weiselprobe von Volk 4 gezogen.",,,,,,,,,,,Gemülldiagnose,2,8,,,,,,,,,,,,Nein,,,,,,16.9,einseitig
31.01.26 13:20,Volk 5,Zwirle 1,Zander,Zander flach (159mm),Liebig / Hohenheimer Einfachbeute,Ableger,,03.05.2025 Ableger gebildet,,,,,,,,,,,Gemülldiagnose,3,8,,,,,,,,,,,,Nein,,,,,,20.8,einseitig
31.01.26 13:20,Volk 4,Zwirle 1,Zander,Zander flach (159mm),Liebig / Hohenheimer Einfachbeute,Wirtschaftsvolk,,vermutlich im Juni 2025 umgeweiselt,,,,,,,,,,,Gemülldiagnose,2,8,,,,,,,,,,,,Nein,,,,,,18.3,einseitig
31.01.26 13:30,Volk 6,Zwirle 1,Zander,Zander flach (159mm),Liebig / Hohenheimer Einfachbeute,Ableger,,03.05.2025 Ableger gebildet,,,,,,,,,,,Gemülldiagnose,0,8,,,,,,,,,,,,Nein,,,,,,11.9,einseitig
31.01.26 13:30,Volk 8,Zwirle 1,Zander,Zander flach (159mm),Liebig / Hohenheimer Einfachbeute,Sonstiges,,"11.05.2025 Königinnenableger
Evtl 2025 still umgeweiselt?",,,,,,,,,,,Gemülldiagnose,1,8,,,,,,,,,,,,Nein,,,,,,11.1,einseitig
31.01.26 13:30,Volk 9,Zwirle 1,Zander,Zander flach (159mm),Liebig / Hohenheimer Einfachbeute,Ableger,,13.06.2025 Volk aus Zuchtstoff von Belegstelle,,,,,,,,,,,Gemülldiagnose,0,8,,,,,,,,,,,,Nein,,,,,,11.7,einseitig
31.01.26 13:40,Volk 7,Zwirle 1,Zander,Zander flach (159mm),Liebig / Hohenheimer Einfachbeute,Ableger,,"11.05.2025 Ableger gebildet
25.06.2025 Neustart mit Königin aus Zuchtstoff von Belegstelle.",,,,,,,,,,,Gemülldiagnose,7,8,,,,,,,,,,,,Nein,,,,,,11.9,einseitig
06.02.26 13:50,Volk 3,Zwirle 1,Zander,Zander flach (159mm),Liebig / Hohenheimer Einfachbeute,Ableger,,im Juni 2025 vermutlich still umgeweiselt,,,,,,,,,,,Gemülldiagnose,1,6,,,,,,,,,,,,Nein,,,,,,17.95,einseitig
06.02.26 13:50,Volk 2,Zwirle 1,Zander,Zander flach (159mm),Liebig / Hohenheimer Einfachbeute,Wirtschaftsvolk,,ca 30.05.2025 umgeweiselt,,,,,,,,,,,Gemülldiagnose,1,6,,,,,,,,,,,,Nein,,,,,,17.6,einseitig
06.02.26 13:50,Volk 1,Zwirle 1,Zander,Zander flach (159mm),Liebig / Hohenheimer Einfachbeute,Ableger,1,"27.04.2024 Ableger 3 und 4 gebildet aus Volk 1
27.04.2025 Königin aus Weiselprobe von Volk 4 gezogen.",,,,,,,,,,,Gemülldiagnose,1,6,,,,,,,,,,,,Nein,,,,,,16.7,einseitig
06.02.26 14:00,Volk 6,Zwirle 1,Zander,Zander flach (159mm),Liebig / Hohenheimer Einfachbeute,Ableger,,03.05.2025 Ableger gebildet,,,,,,,,,,,Gemülldiagnose,0,6,,,,,,,,,,,,Nein,,,,,,11.8,einseitig
06.02.26 14:00,Volk 5,Zwirle 1,Zander,Zander flach (159mm),Liebig / Hohenheimer Einfachbeute,Ableger,,03.05.2025 Ableger gebildet,,,,,,,,,,,Gemülldiagnose,3,6,,,,,,,,,,,,Nein,,,,,,20.6,einseitig
06.02.26 14:00,Volk 4,Zwirle 1,Zander,Zander flach (159mm),Liebig / Hohenheimer Einfachbeute,Wirtschaftsvolk,,vermutlich im Juni 2025 umgeweiselt,,,,,,,,,,,Gemülldiagnose,1,6,,,,,,,,,,,,Nein,,,,,,18.1,einseitig
06.02.26 14:10,Volk 8,Zwirle 1,Zander,Zander flach (159mm),Liebig / Hohenheimer Einfachbeute,Sonstiges,,"11.05.2025 Königinnenableger
Evtl 2025 still umgeweiselt?",,,,,,,,,,,Gemülldiagnose,1,6,,,,,,,,,,,,Nein,,,,,,11.0,einseitig
06.02.26 14:10,Volk 9,Zwirle 1,Zander,Zander flach (159mm),Liebig / Hohenheimer Einfachbeute,Ableger,,13.06.2025 Volk aus Zuchtstoff von Belegstelle,,,,,,,,,,,Gemülldiagnose,0,6,,,,,,,,,,,,Nein,,,,,,11.6,einseitig
06.02.26 14:10,Volk 7,Zwirle 1,Zander,Zander flach (159mm),Liebig / Hohenheimer Einfachbeute,Ableger,,"11.05.2025 Ableger gebildet
25.06.2025 Neustart mit Königin aus Zuchtstoff von Belegstelle.",,,,,,,,,,,Gemülldiagnose,0,6,,,,,,,,,,,,Nein,,,,,,11.9,einseitig
10.02.26 17:20,Volk 1,Zwirle 1,Zander,Zander flach (159mm),Liebig / Hohenheimer Einfachbeute,Ableger,1,"27.04.2024 Ableger 3 und 4 gebildet aus Volk 1
27.04.2025 Königin aus Weiselprobe von Volk 4 gezogen.","Vor Fütterung - 16,5kg",,,,,,,,,,,,,,,,,,,,,,,,Nein,,,,Futterteig,2.5,18.0,einseitig
13.02.26 17:00,Volk 1,Zwirle 1,Zander,Zander flach (159mm),Liebig / Hohenheimer Einfachbeute,Ableger,1,"27.04.2024 Ableger 3 und 4 gebildet aus Volk 1
27.04.2025 Königin aus Weiselprobe von Volk 4 gezogen.",,,,,,,,,,,Gemülldiagnose,3,3,,,,,,,,,,,,Nein,,,,,,17.9,einseitig
13.02.26 17:00,Volk 2,Zwirle 1,Zander,Zander flach (159mm),Liebig / Hohenheimer Einfachbeute,Wirtschaftsvolk,,ca 30.05.2025 umgeweiselt,,,,,,,,,,,Gemülldiagnose,2,7,,,,,,,,,,,,Nein,,,,,,17.1,einseitig
13.02.26 17:00,Volk 3,Zwirle 1,Zander,Zander flach (159mm),Liebig / Hohenheimer Einfachbeute,Ableger,,im Juni 2025 vermutlich still umgeweiselt,,,,,,,,,,,Gemülldiagnose,2,7,,,,,,,,,,,,Nein,,,,,,17.6,einseitig
13.02.26 17:10,Volk 5,Zwirle 1,Zander,Zander flach (159mm),Liebig / Hohenheimer Einfachbeute,Ableger,,03.05.2025 Ableger gebildet,,,,,,,,,,,Gemülldiagnose,22,7,,,,,,,,,,,,Nein,,,,,,20.3,einseitig
13.02.26 17:10,Volk 4,Zwirle 1,Zander,Zander flach (159mm),Liebig / Hohenheimer Einfachbeute,Wirtschaftsvolk,,vermutlich im Juni 2025 umgeweiselt,,,,,,,,,,,Gemülldiagnose,2,7,,,,,,,,,,,,Nein,,,,,,17.7,einseitig
13.02.26 17:10,Volk 8,Zwirle 1,Zander,Zander flach (159mm),Liebig / Hohenheimer Einfachbeute,Sonstiges,,"11.05.2025 Königinnenableger
Evtl 2025 still umgeweiselt?",,,,,,,,,,,Gemülldiagnose,2,7,,,,,,,,,,,,Nein,,,,,,10.8,einseitig
13.02.26 17:10,Volk 6,Zwirle 1,Zander,Zander flach (159mm),Liebig / Hohenheimer Einfachbeute,Ableger,,03.05.2025 Ableger gebildet,,,,,,,,,,,Gemülldiagnose,2,7,,,,,,,,,,,,Nein,,,,,,11.7,einseitig
13.02.26 17:20,Volk 9,Zwirle 1,Zander,Zander flach (159mm),Liebig / Hohenheimer Einfachbeute,Ableger,,13.06.2025 Volk aus Zuchtstoff von Belegstelle,,,,,,,,,,,Gemülldiagnose,2,7,,,,,,,,,,,,Nein,,,,,,11.6,einseitig
13.02.26 17:20,Volk 7,Zwirle 1,Zander,Zander flach (159mm),Liebig / Hohenheimer Einfachbeute,Ableger,,"11.05.2025 Ableger gebildet
25.06.2025 Neustart mit Königin aus Zuchtstoff von Belegstelle.",,,,,,,,,,,Gemülldiagnose,6,7,,,,,,,,,,,,Nein,,,,,,11.8,einseitig
17.02.26 09:00,Volk 7,Zwirle 1,Zander,Zander flach (159mm),Liebig / Hohenheimer Einfachbeute,Ableger,,"11.05.2025 Ableger gebildet
25.06.2025 Neustart mit Königin aus Zuchtstoff von Belegstelle.",,,,,,,,,,,Gemülldiagnose,0,3,,,,,,,,,,,,Nein,,,,,,,
17.02.26 09:00,Volk 4,Zwirle 1,Zander,Zander flach (159mm),Liebig / Hohenheimer Einfachbeute,Wirtschaftsvolk,,vermutlich im Juni 2025 umgeweiselt,,,,,,,,,,,Gemülldiagnose,0,3,,,,,,,,,,,,Nein,,,,,,,
17.02.26 09:00,Volk 6,Zwirle 1,Zander,Zander flach (159mm),Liebig / Hohenheimer Einfachbeute,Ableger,,03.05.2025 Ableger gebildet,,,,,,,,,,,Gemülldiagnose,0,3,,,,,,,,,,,,Nein,,,,,,,
17.02.26 09:00,Volk 1,Zwirle 1,Zander,Zander flach (159mm),Liebig / Hohenheimer Einfachbeute,Ableger,1,"27.04.2024 Ableger 3 und 4 gebildet aus Volk 1
27.04.2025 Königin aus Weiselprobe von Volk 4 gezogen.",,,,,,,,,,,Gemülldiagnose,0,3,,,,,,,,,,,,Nein,,,,,,,
17.02.26 09:00,Volk 2,Zwirle 1,Zander,Zander flach (159mm),Liebig / Hohenheimer Einfachbeute,Wirtschaftsvolk,,ca 30.05.2025 umgeweiselt,,,,,,,,,,,Gemülldiagnose,1,3,,,,,,,,,,,,Nein,,,,,,,
17.02.26 09:00,Volk 9,Zwirle 1,Zander,Zander flach (159mm),Liebig / Hohenheimer Einfachbeute,Ableger,,13.06.2025 Volk aus Zuchtstoff von Belegstelle,,,,,,,,,,,Gemülldiagnose,0,3,,,,,,,,,,,,Nein,,,,,,,
17.02.26 09:00,Volk 3,Zwirle 1,Zander,Zander flach (159mm),Liebig / Hohenheimer Einfachbeute,Ableger,,im Juni 2025 vermutlich still umgeweiselt,,,,,,,,,,,Gemülldiagnose,0,3,,,,,,,,,,,,Nein,,,,,,,
17.02.26 09:00,Volk 5,Zwirle 1,Zander,Zander flach (159mm),Liebig / Hohenheimer Einfachbeute,Ableger,,03.05.2025 Ableger gebildet,,,,,,,,,,,Gemülldiagnose,2,3,,,,,,,,,,,,Nein,,,,,,,
17.02.26 09:00,Volk 8,Zwirle 1,Zander,Zander flach (159mm),Liebig / Hohenheimer Einfachbeute,Sonstiges,,"11.05.2025 Königinnenableger
Evtl 2025 still umgeweiselt?",,,,,,,,,,,Gemülldiagnose,0,3,,,,,,,,,,,,Nein,,,,,,,
25.02.26 17:30,Volk 1,Zwirle 1,Zander,Zander flach (159mm),Liebig / Hohenheimer Einfachbeute,Ableger,1,"27.04.2024 Ableger 3 und 4 gebildet aus Volk 1
27.04.2025 Königin aus Weiselprobe von Volk 4 gezogen.",,,,,,,,,,,Gemülldiagnose,1,8,,,,,,,,,,,,Nein,,,,,,17.8,einseitig
25.02.26 17:30,Volk 3,Zwirle 1,Zander,Zander flach (159mm),Liebig / Hohenheimer Einfachbeute,Ableger,,im Juni 2025 vermutlich still umgeweiselt,,,,,,,,,,,Gemülldiagnose,5,8,,,,,,,,,,,,Nein,,,,,,17.4,einseitig
25.02.26 17:30,Volk 2,Zwirle 1,Zander,Zander flach (159mm),Liebig / Hohenheimer Einfachbeute,Wirtschaftsvolk,,ca 30.05.2025 umgeweiselt,,,,,,,,,,,Gemülldiagnose,1,8,,,,,,,,,,,,Nein,,,,,,17.1,einseitig
25.02.26 17:30,Volk 4,Zwirle 1,Zander,Zander flach (159mm),Liebig / Hohenheimer Einfachbeute,Wirtschaftsvolk,,vermutlich im Juni 2025 umgeweiselt,,,,,,,,,,,Gemülldiagnose,6,8,,,,,,,,,,,,Nein,,,,,,17.6,einseitig
25.02.26 17:40,Volk 5,Zwirle 1,Zander,Zander flach (159mm),Liebig / Hohenheimer Einfachbeute,Ableger,,03.05.2025 Ableger gebildet,,,,,,,,,,,Gemülldiagnose,19,8,,,,,,,,,,,,Nein,,,,,,20.2,einseitig
25.02.26 17:40,Volk 8,Zwirle 1,Zander,Zander flach (159mm),Liebig / Hohenheimer Einfachbeute,Sonstiges,,"11.05.2025 Königinnenableger
Evtl 2025 still umgeweiselt?",,,,,,,,,,,Gemülldiagnose,0,8,,,,,,,,,,,,Nein,,,,,,10.5,einseitig
25.02.26 17:40,Volk 6,Zwirle 1,Zander,Zander flach (159mm),Liebig / Hohenheimer Einfachbeute,Ableger,,03.05.2025 Ableger gebildet,,,,,,,,,,,Gemülldiagnose,1,8,,,,,,,,,,,,Nein,,,,,,11.6,einseitig
25.02.26 17:50,Volk 9,Zwirle 1,Zander,Zander flach (159mm),Liebig / Hohenheimer Einfachbeute,Ableger,,13.06.2025 Volk aus Zuchtstoff von Belegstelle,,,,,,,,,,,Gemülldiagnose,0,8,,,,,,,,,,,,Nein,,,,,,11.4,einseitig
25.02.26 17:50,Volk 7,Zwirle 1,Zander,Zander flach (159mm),Liebig / Hohenheimer Einfachbeute,Ableger,,"11.05.2025 Ableger gebildet
25.06.2025 Neustart mit Königin aus Zuchtstoff von Belegstelle.",,,,,,,,,,,Gemülldiagnose,4,8,,,,,,,,,,,,Nein,,,,,,11.5,einseitig
27.02.26 15:20,Volk 2,Zwirle 1,Zander,Zander flach (159mm),Liebig / Hohenheimer Einfachbeute,Wirtschaftsvolk,,ca 30.05.2025 umgeweiselt,,,,,,,,,,,Gemülldiagnose,2,2,,,,,,,,,,,,Nein,,,,,,,
27.02.26 15:20,Volk 1,Zwirle 1,Zander,Zander flach (159mm),Liebig / Hohenheimer Einfachbeute,Ableger,1,"27.04.2024 Ableger 3 und 4 gebildet aus Volk 1
27.04.2025 Königin aus Weiselprobe von Volk 4 gezogen.",,,,,,,,,,,Gemülldiagnose,2,2,,,,,,,,,,,,Nein,,,,,,,
27.02.26 15:30,Volk 3,Zwirle 1,Zander,Zander flach (159mm),Liebig / Hohenheimer Einfachbeute,Ableger,,im Juni 2025 vermutlich still umgeweiselt,,,,,,,,,,,Gemülldiagnose,4,2,,,,,,,,,,,,Nein,,,,,,,
27.02.26 15:30,Volk 8,Zwirle 1,Zander,Zander flach (159mm),Liebig / Hohenheimer Einfachbeute,Sonstiges,,"11.05.2025 Königinnenableger
Evtl 2025 still umgeweiselt?",,,,,,,,,,,Gemülldiagnose,0,2,,,,,,,,,,,,Nein,,,,Futterteig,1.25,,
27.02.26 15:30,Volk 5,Zwirle 1,Zander,Zander flach (159mm),Liebig / Hohenheimer Einfachbeute,Ableger,,03.05.2025 Ableger gebildet,,,,,,,,,,,Gemülldiagnose,36,2,,,,,,,,,,,,Nein,,,,,,,
27.02.26 15:30,Volk 6,Zwirle 1,Zander,Zander flach (159mm),Liebig / Hohenheimer Einfachbeute,Ableger,,03.05.2025 Ableger gebildet,,,,,,,,,,,Gemülldiagnose,0,2,,,,,,,,,,,,Nein,,,,,,,
27.02.26 15:30,Volk 4,Zwirle 1,Zander,Zander flach (159mm),Liebig / Hohenheimer Einfachbeute,Wirtschaftsvolk,,vermutlich im Juni 2025 umgeweiselt,,,,,,,,,,,Gemülldiagnose,5,2,,,,,,,,,,,,Nein,,,,,,,
27.02.26 15:40,Volk 7,Zwirle 1,Zander,Zander flach (159mm),Liebig / Hohenheimer Einfachbeute,Ableger,,"11.05.2025 Ableger gebildet
25.06.2025 Neustart mit Königin aus Zuchtstoff von Belegstelle.",,,,,,,,,,,Gemülldiagnose,5,2,,,,,,,,,,,,Nein,,,,,,,
27.02.26 15:40,Volk 9,Zwirle 1,Zander,Zander flach (159mm),Liebig / Hohenheimer Einfachbeute,Ableger,,13.06.2025 Volk aus Zuchtstoff von Belegstelle,,,,,,,,,,,Gemülldiagnose,1,2,,,,,,,,,,,,Nein,,,,,,,
07.03.26 14:50,Volk 2,Zwirle 1,Zander,Zander flach (159mm),Liebig / Hohenheimer Einfachbeute,Wirtschaftsvolk,,ca 30.05.2025 umgeweiselt,,,,,,,,,,,Gemülldiagnose,1,8,,,,,,,,,,,,Nein,,,,,,16.3,einseitig
07.03.26 14:50,Volk 4,Zwirle 1,Zander,Zander flach (159mm),Liebig / Hohenheimer Einfachbeute,Wirtschaftsvolk,,vermutlich im Juni 2025 umgeweiselt,,,,,,,,,,,Gemülldiagnose,3,8,,,,,,,,,,,,Nein,,,,,,16.65,einseitig
07.03.26 14:50,Volk 1,Zwirle 1,Zander,Zander flach (159mm),Liebig / Hohenheimer Einfachbeute,Ableger,1,"27.04.2024 Ableger 3 und 4 gebildet aus Volk 1
27.04.2025 Königin aus Weiselprobe von Volk 4 gezogen.",,,,,,,,,,,Gemülldiagnose,2,8,,,,,,,,,,,,Nein,,,,,,17.05,einseitig
07.03.26 14:50,Volk 3,Zwirle 1,Zander,Zander flach (159mm),Liebig / Hohenheimer Einfachbeute,Ableger,,im Juni 2025 vermutlich still umgeweiselt,,,,,,,,,,,Gemülldiagnose,1,8,,,,,,,,,,,,Nein,,,,,,16.8,einseitig
07.03.26 15:00,Volk 6,Zwirle 1,Zander,Zander flach (159mm),Liebig / Hohenheimer Einfachbeute,Ableger,,03.05.2025 Ableger gebildet,,,,,,,,,,,Gemülldiagnose,1,8,,,,,,,,,,,,Nein,,,,,,11.04,einseitig
07.03.26 15:00,Volk 5,Zwirle 1,Zander,Zander flach (159mm),Liebig / Hohenheimer Einfachbeute,Ableger,,03.05.2025 Ableger gebildet,,,,,,,,,,,Gemülldiagnose,3,8,,,,,,,,,,,,Nein,,,,,,19.65,einseitig
07.03.26 15:00,Volk 9,Zwirle 1,Zander,Zander flach (159mm),Liebig / Hohenheimer Einfachbeute,Ableger,,13.06.2025 Volk aus Zuchtstoff von Belegstelle,,,,,,,,,,,Gemülldiagnose,0,8,,,,,,,,,,,,Nein,,,,,,10.7,einseitig
07.03.26 15:00,Volk 8,Zwirle 1,Zander,Zander flach (159mm),Liebig / Hohenheimer Einfachbeute,Sonstiges,,"11.05.2025 Königinnenableger
Evtl 2025 still umgeweiselt?",,,,,,,,,,,Gemülldiagnose,0,8,,,,,,,,,,,,Nein,,,,,,10.7,einseitig
07.03.26 15:10,Volk 7,Zwirle 1,Zander,Zander flach (159mm),Liebig / Hohenheimer Einfachbeute,Ableger,,"11.05.2025 Ableger gebildet
25.06.2025 Neustart mit Königin aus Zuchtstoff von Belegstelle.",,,,,,,,,,,Gemülldiagnose,2,8,,,,,,,,,,,,Nein,,,,,,11.12,einseitig
11.03.26 18:10,Volk 7,Zwirle 1,Zander,Zander flach (159mm),Liebig / Hohenheimer Einfachbeute,Ableger,,"11.05.2025 Ableger gebildet
25.06.2025 Neustart mit Königin aus Zuchtstoff von Belegstelle.","Königin gesehen und gekennzeichnet
Futter frisch - tropft
ca 4kg Futter",Königin; Stifte; Larven; Verdeckelte Brut,,2,4,,,,,,,,,,,,,,,1.0,2.0,,2.0,2.0,Nein,,,,,,10.9,einseitig
11.03.26 18:10,Volk 3,Zwirle 1,Zander,Zander flach (159mm),Liebig / Hohenheimer Einfachbeute,Ableger,,im Juni 2025 vermutlich still umgeweiselt,mind 4kg Futter,Stifte; Larven; Verdeckelte Brut,,3,7,,,,,,,,,,,,,,,2.0,2.0,0.0,2.0,2.0,Nein,,,,,,17.3,einseitig
11.03.26 18:10,Volk 5,Zwirle 1,Zander,Zander flach (159mm),Liebig / Hohenheimer Einfachbeute,Ableger,,03.05.2025 Ableger gebildet,"Futter tropft
Futter und Brut über beide Zargen verteilt",Königin; Stifte; Larven; Verdeckelte Brut,,3,7,,,,-1,,,,,,,,,,,2.0,2.0,0.0,2.0,2.0,Nein,,,,,,19.7,einseitig
11.03.26 18:10,Volk 9,Zwirle 1,Zander,Zander flach (159mm),Liebig / Hohenheimer Einfachbeute,Ableger,,13.06.2025 Volk aus Zuchtstoff von Belegstelle,ca 4kg Futter,Königin; Stifte; Larven; Verdeckelte Brut,,2,4,,,,,,,,,,,,,,,1.0,2.0,0.0,2.0,2.0,Nein,,,,,,10.7,einseitig
11.03.26 18:10,Volk 2,Zwirle 1,Zander,Zander flach (159mm),Liebig / Hohenheimer Einfachbeute,Wirtschaftsvolk,,ca 30.05.2025 umgeweiselt,"Futter mäßig
Futterteig gegeben
Volk mittig über beide Zargen
ca 1kg Futter - + zugefüttert",Stifte; Larven; Verdeckelte Brut,,2,6,,,,,,,,,,,,,,,2.0,2.0,0.0,2.0,0.0,Nein,,,,Futterteig,2.5,18.3,einseitig
11.03.26 18:10,Volk 1,Zwirle 1,Zander,Zander flach (159mm),Liebig / Hohenheimer Einfachbeute,Ableger,1,"27.04.2024 Ableger 3 und 4 gebildet aus Volk 1
27.04.2025 Königin aus Weiselprobe von Volk 4 gezogen.","auf eine Zarge zusammen gesetzt
Stifte auf Futterwaben erst im 2.Schritt gesehen
Viel umgehängt!
untere Zarge 5 raus und 5 von oben - 3 mit Stiften nach unten...
ca 3kg Futter",Stifte; Larven; Verdeckelte Brut,,2,7,,-6,,-4,,,,,,,,,,,1.0,2.0,0.0,2.0,3.0,Nein,,,,,,10.84,einseitig
11.03.26 18:10,Volk 8,Zwirle 1,Zander,Zander flach (159mm),Liebig / Hohenheimer Einfachbeute,Sonstiges,,"11.05.2025 Königinnenableger
Evtl 2025 still umgeweiselt?","Futter getropft
nachgefüttert",Stifte; Larven; Verdeckelte Brut,,2,5,,,,,,,,,,,,,,,2.0,2.0,0.0,2.0,1.0,Nein,,,,Futterteig,1.25,11.5,einseitig
11.03.26 18:10,Volk 6,Zwirle 1,Zander,Zander flach (159mm),Liebig / Hohenheimer Einfachbeute,Ableger,,03.05.2025 Ableger gebildet,"Futter tropft
ca 3kg Futter",Königin; Stifte; Larven; Verdeckelte Brut,,2,3,,,,,,,,,,,,,,,1.0,2.0,0.0,2.0,2.0,Nein,,,,,,11.25,einseitig
11.03.26 18:10,Volk 4,Zwirle 1,Zander,Zander flach (159mm),Liebig / Hohenheimer Einfachbeute,Wirtschaftsvolk,,vermutlich im Juni 2025 umgeweiselt,"starkes Carnika-Volk
auf 1 Zarge reduziert, da untere Zarge alles leer",Stifte; Larven; Verdeckelte Brut,,3,7,,,-10,,,,,,,,,,,,2.0,2.0,0.0,2.0,2.0,Nein,,,,,,11.85,einseitig
21.03.26 11:50,Volk 1,Zwirle 1,Zander,Zander flach (159mm),Liebig / Hohenheimer Einfachbeute,Ableger,1,"27.04.2024 Ableger 3 und 4 gebildet aus Volk 1
27.04.2025 Königin aus Weiselprobe von Volk 4 gezogen.",,,,,,,,,,,,,,,,,,,,,,,,,Nein,,,,,,10.7,einseitig
21.03.26 12:00,Volk 2,Zwirle 1,Zander,Zander flach (159mm),Liebig / Hohenheimer Einfachbeute,Wirtschaftsvolk,,ca 30.05.2025 umgeweiselt,,,,,,,,,,,,,,,,,,,,,,,,,Nein,,,,,,17.8,einseitig
21.03.26 12:00,Volk 3,Zwirle 1,Zander,Zander flach (159mm),Liebig / Hohenheimer Einfachbeute,Ableger,,im Juni 2025 vermutlich still umgeweiselt,,,,,,,,,,,,,,,,,,,,,,,,,Nein,,,,,,16.6,einseitig
21.03.26 12:00,Volk 4,Zwirle 1,Zander,Zander flach (159mm),Liebig / Hohenheimer Einfachbeute,Wirtschaftsvolk,,vermutlich im Juni 2025 umgeweiselt,,,,,,,,,,,,,,,,,,,,,,,,,Nein,,,,,,11.3,einseitig
21.03.26 12:00,Volk 6,Zwirle 1,Zander,Zander flach (159mm),Liebig / Hohenheimer Einfachbeute,Ableger,,03.05.2025 Ableger gebildet,,,,,,,,,,,,,,,,,,,,,,,,,Nein,,,,,,10.7,einseitig
21.03.26 12:00,Volk 8,Zwirle 1,Zander,Zander flach (159mm),Liebig / Hohenheimer Einfachbeute,Sonstiges,,"11.05.2025 Königinnenableger
Evtl 2025 still umgeweiselt?",,,,,,,,,,,,,,,,,,,,,,,,,Nein,,,,,,10.94,einseitig
21.03.26 12:00,Volk 9,Zwirle 1,Zander,Zander flach (159mm),Liebig / Hohenheimer Einfachbeute,Ableger,,13.06.2025 Volk aus Zuchtstoff von Belegstelle,,,,,,,,,,,,,,,,,,,,,,,,,Nein,,,,,,10.29,einseitig
21.03.26 12:00,Volk 5,Zwirle 1,Zander,Zander flach (159mm),Liebig / Hohenheimer Einfachbeute,Ableger,,03.05.2025 Ableger gebildet,,,,,,,,,,,,,,,,,,,,,,,,,Nein,,,,,,19.7,einseitig
21.03.26 13:00,Volk 7,Zwirle 1,Zander,Zander flach (159mm),Liebig / Hohenheimer Einfachbeute,Ableger,,"11.05.2025 Ableger gebildet
25.06.2025 Neustart mit Königin aus Zuchtstoff von Belegstelle.",,,,,,,,,,,,,,,,,,,,,,,,,Nein,,,,,,10.05,einseitig
28.03.26 14:40,Volk 4,Zwirle 1,Zander,Zander flach (159mm),Liebig / Hohenheimer Einfachbeute,Wirtschaftsvolk,,vermutlich im Juni 2025 umgeweiselt,,,,,,,,,,,,,,,,,,,,,,,,,Nein,,,,,,10.9,einseitig
28.03.26 14:40,Volk 6,Zwirle 1,Zander,Zander flach (159mm),Liebig / Hohenheimer Einfachbeute,Ableger,,03.05.2025 Ableger gebildet,,,,,,,,,,,,,,,,,,,,,,,,,Nein,,,,,,10.55,einseitig
28.03.26 14:40,Volk 2,Zwirle 1,Zander,Zander flach (159mm),Liebig / Hohenheimer Einfachbeute,Wirtschaftsvolk,,ca 30.05.2025 umgeweiselt,,,,,,,,,,,,,,,,,,,,,,,,,Nein,,,,,,17.15,einseitig
28.03.26 14:40,Volk 1,Zwirle 1,Zander,Zander flach (159mm),Liebig / Hohenheimer Einfachbeute,Ableger,1,"27.04.2024 Ableger 3 und 4 gebildet aus Volk 1
27.04.2025 Königin aus Weiselprobe von Volk 4 gezogen.",,,,,,,,,,,,,,,,,,,,,,,,,Nein,,,,,,10.53,einseitig
28.03.26 14:40,Volk 3,Zwirle 1,Zander,Zander flach (159mm),Liebig / Hohenheimer Einfachbeute,Ableger,,im Juni 2025 vermutlich still umgeweiselt,,,,,,,,,,,,,,,,,,,,,,,,,Nein,,,,,,16.25,einseitig
28.03.26 14:40,Volk 5,Zwirle 1,Zander,Zander flach (159mm),Liebig / Hohenheimer Einfachbeute,Ableger,,03.05.2025 Ableger gebildet,,,,,,,,,,,,,,,,,,,,,,,,,Nein,,,,,,19.0,einseitig
28.03.26 14:50,Volk 9,Zwirle 1,Zander,Zander flach (159mm),Liebig / Hohenheimer Einfachbeute,Ableger,,13.06.2025 Volk aus Zuchtstoff von Belegstelle,,,,,,,,,,,,,,,,,,,,,,,,,Nein,,,,,,10.0,einseitig
28.03.26 14:50,Volk 8,Zwirle 1,Zander,Zander flach (159mm),Liebig / Hohenheimer Einfachbeute,Sonstiges,,"11.05.2025 Königinnenableger
Evtl 2025 still umgeweiselt?",,,,,,,,,,,,,,,,,,,,,,,,,Nein,,,,,,10.8,einseitig
28.03.26 15:30,Volk 7,Zwirle 1,Zander,Zander flach (159mm),Liebig / Hohenheimer Einfachbeute,Ableger,,"11.05.2025 Ableger gebildet
25.06.2025 Neustart mit Königin aus Zuchtstoff von Belegstelle.",,,,,,,,,,,,,,,,,,,,,,,,,Nein,,,,,,9.9,einseitig
04.04.26 06:50,Volk 2,Zwirle 1,Zander,Zander flach (159mm),Liebig / Hohenheimer Einfachbeute,Wirtschaftsvolk,,ca 30.05.2025 umgeweiselt,,,,,,,,,,,,,,,,,,,,,,,,,Nein,,,,,,16.85,einseitig
04.04.26 06:50,Volk 5,Zwirle 1,Zander,Zander flach (159mm),Liebig / Hohenheimer Einfachbeute,Ableger,,03.05.2025 Ableger gebildet,,,,,,,,,,,,,,,,,,,,,,,,,Nein,,,,,,18.7,einseitig
04.04.26 06:50,Volk 3,Zwirle 1,Zander,Zander flach (159mm),Liebig / Hohenheimer Einfachbeute,Ableger,,im Juni 2025 vermutlich still umgeweiselt,,,,,,,,,,,,,,,,,,,,,,,,,Nein,,,,,,15.56,einseitig
04.04.26 06:50,Volk 6,Zwirle 1,Zander,Zander flach (159mm),Liebig / Hohenheimer Einfachbeute,Ableger,,03.05.2025 Ableger gebildet,,,,,,,,,,,,,,,,,,,,,,,,,Nein,,,,,,10.4,einseitig
04.04.26 06:50,Volk 4,Zwirle 1,Zander,Zander flach (159mm),Liebig / Hohenheimer Einfachbeute,Wirtschaftsvolk,,vermutlich im Juni 2025 umgeweiselt,,,,,,,,,,,,,,,,,,,,,,,,,Nein,,,,,,10.3,einseitig
04.04.26 06:50,Volk 1,Zwirle 1,Zander,Zander flach (159mm),Liebig / Hohenheimer Einfachbeute,Ableger,1,"27.04.2024 Ableger 3 und 4 gebildet aus Volk 1
27.04.2025 Königin aus Weiselprobe von Volk 4 gezogen.",,,,,,,,,,,,,,,,,,,,,,,,,Nein,,,,,,10.3,einseitig
04.04.26 07:00,Volk 9,Zwirle 1,Zander,Zander flach (159mm),Liebig / Hohenheimer Einfachbeute,Ableger,,13.06.2025 Volk aus Zuchtstoff von Belegstelle,,,,,,,,,,,,,,,,,,,,,,,,,Nein,,,,,,9.6,einseitig
04.04.26 07:00,Volk 8,Zwirle 1,Zander,Zander flach (159mm),Liebig / Hohenheimer Einfachbeute,Sonstiges,,"11.05.2025 Königinnenableger
Evtl 2025 still umgeweiselt?",,,,,,,,,,,,,,,,,,,,,,,,,Nein,,,,,,10.38,einseitig
04.04.26 15:00,Volk 7,Zwirle 1,Zander,Zander flach (159mm),Liebig / Hohenheimer Einfachbeute,Ableger,,"11.05.2025 Ableger gebildet
25.06.2025 Neustart mit Königin aus Zuchtstoff von Belegstelle.",,,,,,,,,,,,,,,,,,,,,,,,,Nein,,,,,,9.6,einseitig
07.04.26 14:00,Volk 3,Zwirle 1,Zander,Zander flach (159mm),Liebig / Hohenheimer Einfachbeute,Ableger,,im Juni 2025 vermutlich still umgeweiselt,,,,,,,,,,,,,,,,,,,,,,,,,Nein,,,,,,15.15,einseitig
07.04.26 14:00,Volk 1,Zwirle 1,Zander,Zander flach (159mm),Liebig / Hohenheimer Einfachbeute,Ableger,1,"27.04.2024 Ableger 3 und 4 gebildet aus Volk 1
27.04.2025 Königin aus Weiselprobe von Volk 4 gezogen.",,,,,,,,,,,,,,,,,,,,,,,,,Nein,,,,,,10.14,einseitig
07.04.26 14:00,Volk 9,Zwirle 1,Zander,Zander flach (159mm),Liebig / Hohenheimer Einfachbeute,Ableger,,13.06.2025 Volk aus Zuchtstoff von Belegstelle,,,,,,,,,,,,,,,,,,,,,,,,,Nein,,,,,,9.5,einseitig
07.04.26 14:00,Volk 2,Zwirle 1,Zander,Zander flach (159mm),Liebig / Hohenheimer Einfachbeute,Wirtschaftsvolk,,ca 30.05.2025 umgeweiselt,,,,,,,,,,,,,,,,,,,,,,,,,Nein,,,,,,16.23,einseitig
07.04.26 14:00,Volk 8,Zwirle 1,Zander,Zander flach (159mm),Liebig / Hohenheimer Einfachbeute,Sonstiges,,"11.05.2025 Königinnenableger
Evtl 2025 still umgeweiselt?",,,,,,,,,,,,,,,,,,,,,,,,,Nein,,,,,,9.9,einseitig
07.04.26 14:00,Volk 6,Zwirle 1,Zander,Zander flach (159mm),Liebig / Hohenheimer Einfachbeute,Ableger,,03.05.2025 Ableger gebildet,,,,,,,,,,,,,,,,,,,,,,,,,Nein,,,,,,9.8,einseitig
07.04.26 14:00,Volk 4,Zwirle 1,Zander,Zander flach (159mm),Liebig / Hohenheimer Einfachbeute,Wirtschaftsvolk,,vermutlich im Juni 2025 umgeweiselt,,,,,,,,,,,,,,,,,,,,,,,,,Nein,,,,,,10.05,einseitig
07.04.26 14:00,Volk 5,Zwirle 1,Zander,Zander flach (159mm),Liebig / Hohenheimer Einfachbeute,Ableger,,03.05.2025 Ableger gebildet,,,,,,,,,,,,,,,,,,,,,,,,,Nein,,,,,,18.2,einseitig
07.04.26 15:00,Volk 7,Zwirle 1,Zander,Zander flach (159mm),Liebig / Hohenheimer Einfachbeute,Ableger,,"11.05.2025 Ableger gebildet
25.06.2025 Neustart mit Königin aus Zuchtstoff von Belegstelle.",,,,,,,,,,,,,,,,,,,,,,,,,Nein,,,,,,9.5,einseitig
11.04.26 18:50,Volk 1,Zwirle 1,Zander,Zander flach (159mm),Liebig / Hohenheimer Einfachbeute,Ableger,1,"27.04.2024 Ableger 3 und 4 gebildet aus Volk 1
27.04.2025 Königin aus Weiselprobe von Volk 4 gezogen.",,,,,,,,,,,,,,,,,,,,,,,,,Nein,,,,,,10.88,einseitig
11.04.26 18:50,Volk 8,Zwirle 1,Zander,Zander flach (159mm),Liebig / Hohenheimer Einfachbeute,Sonstiges,,"11.05.2025 Königinnenableger
Evtl 2025 still umgeweiselt?",,,,,,,,,,,,,,,,,,,,,,,,,Nein,,,,,,10.3,einseitig
11.04.26 19:00,Volk 9,Zwirle 1,Zander,Zander flach (159mm),Liebig / Hohenheimer Einfachbeute,Ableger,,13.06.2025 Volk aus Zuchtstoff von Belegstelle,,,,,,,,,,,,,,,,,,,,,,,,,Nein,,,,,,10.4,einseitig
11.04.26 19:00,Volk 6,Zwirle 1,Zander,Zander flach (159mm),Liebig / Hohenheimer Einfachbeute,Ableger,,03.05.2025 Ableger gebildet,,,,,,,,,,,,,,,,,,,,,,,,,Nein,,,,,,10.3,einseitig
11.04.26 19:00,Volk 4,Zwirle 1,Zander,Zander flach (159mm),Liebig / Hohenheimer Einfachbeute,Wirtschaftsvolk,,vermutlich im Juni 2025 umgeweiselt,,,,,,,,,,,,,,,,,,,,,,,,,Nein,,,,,,10.76,einseitig
11.04.26 19:00,Volk 3,Zwirle 1,Zander,Zander flach (159mm),Liebig / Hohenheimer Einfachbeute,Ableger,,im Juni 2025 vermutlich still umgeweiselt,,,,,,,,,,,,,,,,,,,,,,,,,Nein,,,,,,16.4,einseitig
11.04.26 19:00,Volk 2,Zwirle 1,Zander,Zander flach (159mm),Liebig / Hohenheimer Einfachbeute,Wirtschaftsvolk,,ca 30.05.2025 umgeweiselt,,,,,,,,,,,,,,,,,,,,,,,,,Nein,,,,,,17.65,einseitig
11.04.26 19:00,Volk 5,Zwirle 1,Zander,Zander flach (159mm),Liebig / Hohenheimer Einfachbeute,Ableger,,03.05.2025 Ableger gebildet,,,,,,,,,,,,,,,,,,,,,,,,,Nein,,,,,,19.5,einseitig
11.04.26 19:00,Volk 7,Zwirle 1,Zander,Zander flach (159mm),Liebig / Hohenheimer Einfachbeute,Ableger,,"11.05.2025 Ableger gebildet
25.06.2025 Neustart mit Königin aus Zuchtstoff von Belegstelle.",,,,,,,,,,,,,,,,,,,,,,,,,Nein,,,,,,11.0,einseitig
11.04.26 22:20,Volk 4,Zwirle 1,Zander,Zander flach (159mm),Liebig / Hohenheimer Einfachbeute,Wirtschaftsvolk,,vermutlich im Juni 2025 umgeweiselt,Absperrgitter + Honigraum ,,,,,,,,-1,1,,,,,,,,,,,,,,,Nein,,,,,,14.0,einseitig
11.04.26 22:20,Volk 1,Zwirle 1,Zander,Zander flach (159mm),Liebig / Hohenheimer Einfachbeute,Ableger,1,"27.04.2024 Ableger 3 und 4 gebildet aus Volk 1
27.04.2025 Königin aus Weiselprobe von Volk 4 gezogen.",Absperrgitter+Honigraum,,,,,,1,,-2,1,,,,,,,,,,1.0,1.0,,1.0,1.0,Nein,,,,,,13.7,
11.04.26 22:20,Volk 2,Zwirle 1,Zander,Zander flach (159mm),Liebig / Hohenheimer Einfachbeute,Wirtschaftsvolk,,ca 30.05.2025 umgeweiselt,Absperrgitter + Honigraum,,,,,,1,,-2,1,,,,,,,,,,,,,,,Nein,,,,,,20.0,einseitig
11.04.26 22:20,Volk 3,Zwirle 1,Zander,Zander flach (159mm),Liebig / Hohenheimer Einfachbeute,Ableger,,im Juni 2025 vermutlich still umgeweiselt,Absperrgitter +Honigraum ,,,,,,-1,,,1,,,,,,,,,,,,,,,Nein,,,,,,19.5,einseitig
11.04.26 22:30,Volk 8,Zwirle 1,Zander,Zander flach (159mm),Liebig / Hohenheimer Einfachbeute,Sonstiges,,"11.05.2025 Königinnenableger
Evtl 2025 still umgeweiselt?",Absperrgitter + Honigraum ,,,,,,-1,,,1,,,,,,,,,,,,,,,Nein,,,,,,14.4,einseitig
11.04.26 22:30,Volk 9,Zwirle 1,Zander,Zander flach (159mm),Liebig / Hohenheimer Einfachbeute,Ableger,,13.06.2025 Volk aus Zuchtstoff von Belegstelle,Absperrgitter + Honigraum ,,,,,,-1,,,1,,,,,,,,,,,,,,,Nein,,,,,,14.3,einseitig
11.04.26 22:30,Volk 6,Zwirle 1,Zander,Zander flach (159mm),Liebig / Hohenheimer Einfachbeute,Ableger,,03.05.2025 Ableger gebildet,Absperrgitter + Honigraum ,,,,,,,,-1,1,,,,,,,,,,,,,,,Nein,,,,,,13.12,einseitig
11.04.26 22:30,Volk 5,Zwirle 1,Zander,Zander flach (159mm),Liebig / Hohenheimer Einfachbeute,Ableger,,03.05.2025 Ableger gebildet,Absperrgitter + Honigraum ,,,,,,-1,,,1,,,,,,,,,,,,,,,Nein,,,,,,23.4,einseitig
18.04.26 14:30,Volk 1,Zwirle 1,Zander,Zander flach (159mm),Liebig / Hohenheimer Einfachbeute,Ableger,1,"27.04.2024 Ableger 3 und 4 gebildet aus Volk 1
27.04.2025 Königin aus Weiselprobe von Volk 4 gezogen.",,,,,,,,,,,,,,,,,,,,,,,,,Nein,,,,,,14.9,einseitig
18.04.26 14:30,Volk 2,Zwirle 1,Zander,Zander flach (159mm),Liebig / Hohenheimer Einfachbeute,Wirtschaftsvolk,,ca 30.05.2025 umgeweiselt,,,,,,,,,,,,,,,,,,,,,,,,,Nein,,,,,,21.5,einseitig
18.04.26 14:40,Volk 3,Zwirle 1,Zander,Zander flach (159mm),Liebig / Hohenheimer Einfachbeute,Ableger,,im Juni 2025 vermutlich still umgeweiselt,,,,,,,,,,,,,,,,,,,,,,,,,Nein,,,,,,21.0,einseitig
18.04.26 14:40,Volk 5,Zwirle 1,Zander,Zander flach (159mm),Liebig / Hohenheimer Einfachbeute,Ableger,,03.05.2025 Ableger gebildet,,,,,,,,,,,,,,,,,,,,,,,,,Nein,,,,,,24.65,einseitig
18.04.26 14:40,Volk 6,Zwirle 1,Zander,Zander flach (159mm),Liebig / Hohenheimer Einfachbeute,Ableger,,03.05.2025 Ableger gebildet,,,,,,,,,,,,,,,,,,,,,,,,,Nein,,,,,,14.4,einseitig
18.04.26 14:40,Volk 9,Zwirle 1,Zander,Zander flach (159mm),Liebig / Hohenheimer Einfachbeute,Ableger,,13.06.2025 Volk aus Zuchtstoff von Belegstelle,,,,,,,,,,,,,,,,,,,,,,,,,Nein,,,,,,15.4,einseitig
18.04.26 14:40,Volk 8,Zwirle 1,Zander,Zander flach (159mm),Liebig / Hohenheimer Einfachbeute,Sonstiges,,"11.05.2025 Königinnenableger
Evtl 2025 still umgeweiselt?",,,,,,,,,,,,,,,,,,,,,,,,,Nein,,,,,,15.6,einseitig
18.04.26 14:40,Volk 4,Zwirle 1,Zander,Zander flach (159mm),Liebig / Hohenheimer Einfachbeute,Wirtschaftsvolk,,vermutlich im Juni 2025 umgeweiselt,,,,,,,,,,,,,,,,,,,,,,,,,Nein,,,,,,14.9,einseitig
18.04.26 16:00,Volk 7,Zwirle 1,Zander,Zander flach (159mm),Liebig / Hohenheimer Einfachbeute,Ableger,,"11.05.2025 Ableger gebildet
25.06.2025 Neustart mit Königin aus Zuchtstoff von Belegstelle.",,,,,,,,,,,,,,,,,,,,,,,,,Nein,,,,,,14.0,einseitig
21.04.26 17:00,Volk 7,Zwirle 1,Zander,Zander flach (159mm),Liebig / Hohenheimer Einfachbeute,Ableger,,"11.05.2025 Ableger gebildet
25.06.2025 Neustart mit Königin aus Zuchtstoff von Belegstelle.",,,,,,,,,,,,,,,,,,,,,,,,,Nein,,,,,,14.4,einseitig
21.04.26 17:20,Volk 1,Zwirle 1,Zander,Zander flach (159mm),Liebig / Hohenheimer Einfachbeute,Ableger,1,"27.04.2024 Ableger 3 und 4 gebildet aus Volk 1
27.04.2025 Königin aus Weiselprobe von Volk 4 gezogen.",,,,,,,,,,,,,,,,,,,,,,,,,Nein,,,,,,14.15,einseitig
21.04.26 18:00,Volk 8,Zwirle 1,Zander,Zander flach (159mm),Liebig / Hohenheimer Einfachbeute,Sonstiges,,"11.05.2025 Königinnenableger
Evtl 2025 still umgeweiselt?",,,,,,,,,,,,,,,,,,,,,,,,,Nein,,,,,,16.0,einseitig
21.04.26 18:00,Volk 9,Zwirle 1,Zander,Zander flach (159mm),Liebig / Hohenheimer Einfachbeute,Ableger,,13.06.2025 Volk aus Zuchtstoff von Belegstelle,,,,,,,,,,,,,,,,,,,,,,,,,Nein,,,,,,15.8,einseitig
21.04.26 18:00,Volk 3,Zwirle 1,Zander,Zander flach (159mm),Liebig / Hohenheimer Einfachbeute,Ableger,,im Juni 2025 vermutlich still umgeweiselt,,,,,,,,,,,,,,,,,,,,,,,,,Nein,,,,,,21.9,einseitig
21.04.26 18:00,Volk 1,Zwirle 1,Zander,Zander flach (159mm),Liebig / Hohenheimer Einfachbeute,Ableger,1,"27.04.2024 Ableger 3 und 4 gebildet aus Volk 1
27.04.2025 Königin aus Weiselprobe von Volk 4 gezogen.",,,,,,,,,,,,,,,,,,,,,,,,,Nein,,,,,,15.3,einseitig
21.04.26 18:00,Volk 5,Zwirle 1,Zander,Zander flach (159mm),Liebig / Hohenheimer Einfachbeute,Ableger,,03.05.2025 Ableger gebildet,,,,,,,,,,,,,,,,,,,,,,,,,Nein,,,,,,25.6,einseitig
21.04.26 18:00,Volk 4,Zwirle 1,Zander,Zander flach (159mm),Liebig / Hohenheimer Einfachbeute,Wirtschaftsvolk,,vermutlich im Juni 2025 umgeweiselt,,,,,,,,,,,,,,,,,,,,,,,,,Nein,,,,,,14.9,einseitig
21.04.26 18:00,Volk 2,Zwirle 1,Zander,Zander flach (159mm),Liebig / Hohenheimer Einfachbeute,Wirtschaftsvolk,,ca 30.05.2025 umgeweiselt,,,,,,,,,,,,,,,,,,,,,,,,,Nein,,,,,,22.6,einseitig
21.04.26 18:00,Volk 6,Zwirle 1,Zander,Zander flach (159mm),Liebig / Hohenheimer Einfachbeute,Ableger,,03.05.2025 Ableger gebildet,,,,,,,,,,,,,,,,,,,,,,,,,Nein,,,,,,14.45,einseitig
21.04.26 18:20,Volk 1,Zwirle 1,Zander,Zander flach (159mm),Liebig / Hohenheimer Einfachbeute,Ableger,1,"27.04.2024 Ableger 3 und 4 gebildet aus Volk 1
27.04.2025 Königin aus Weiselprobe von Volk 4 gezogen.","2. Halbzarge Honigraum aufgesetzt
1. Halbzarge wenig besetzt - 3 Rähmchen",,,,,,,,,,,,,,,,,,,,,,,,Nein,,,,,,16.7,einseitig
21.04.26 19:00,Volk 7,Zwirle 1,Zander,Zander flach (159mm),Liebig / Hohenheimer Einfachbeute,Ableger,,"11.05.2025 Ableger gebildet
25.06.2025 Neustart mit Königin aus Zuchtstoff von Belegstelle.",,,,,,,,,,,,,,,,,,,,,,,,,Nein,,,,,,17.0,einseitig
21.04.26 19:10,Volk 6,Zwirle 1,Zander,Zander flach (159mm),Liebig / Hohenheimer Einfachbeute,Ableger,,03.05.2025 Ableger gebildet,Halbzarge Honigraum aufgesetzt ,,,,,,,,,,,,,,,,,,,,,,,,Nein,,,,,,17.25,einseitig
21.04.26 19:10,Volk 9,Zwirle 1,Zander,Zander flach (159mm),Liebig / Hohenheimer Einfachbeute,Ableger,,13.06.2025 Volk aus Zuchtstoff von Belegstelle,Halbzarge Honigraum aufgesetzt ,,,,,,,,,,,,,,,,,,,,,,,,Nein,,,,,,18.65,einseitig
21.04.26 19:10,Volk 8,Zwirle 1,Zander,Zander flach (159mm),Liebig / Hohenheimer Einfachbeute,Sonstiges,,"11.05.2025 Königinnenableger
Evtl 2025 still umgeweiselt?",Halbzarge Honigraum aufgesetzt ,,,,,,,,,,,,,,,,,,,,,,,,Nein,,,,,,18.85,einseitig
21.04.26 19:20,Volk 2,Zwirle 1,Zander,Zander flach (159mm),Liebig / Hohenheimer Einfachbeute,Wirtschaftsvolk,,ca 30.05.2025 umgeweiselt,Halbzarge Honigraum aufgesetzt ,,,,,,,,,,,,,,,,,,,,,,,,Nein,,,,,,25.4,einseitig
21.04.26 19:20,Volk 3,Zwirle 1,Zander,Zander flach (159mm),Liebig / Hohenheimer Einfachbeute,Ableger,,im Juni 2025 vermutlich still umgeweiselt,Halbzarge Honigraum aufgesetzt ,,,,,,,,,,,,,,,,,,,,,,,,Nein,,,,,,25.3,einseitig
21.04.26 19:20,Volk 4,Zwirle 1,Zander,Zander flach (159mm),Liebig / Hohenheimer Einfachbeute,Wirtschaftsvolk,,vermutlich im Juni 2025 umgeweiselt,Halbzarge Honigraum aufgesetzt ,,,,,,,,,,,,,,,,,,,,,,,,Nein,,,,,,17.75,einseitig
21.04.26 19:20,Volk 1,Zwirle 1,Zander,Zander flach (159mm),Liebig / Hohenheimer Einfachbeute,Ableger,1,"27.04.2024 Ableger 3 und 4 gebildet aus Volk 1
27.04.2025 Königin aus Weiselprobe von Volk 4 gezogen.",Halbzarge Honigraum aufgesetzt ,,,,,,,,,,,,,,,,,,,,,,,,Nein,,,,,,18.5,einseitig
21.04.26 19:20,Volk 5,Zwirle 1,Zander,Zander flach (159mm),Liebig / Hohenheimer Einfachbeute,Ableger,,03.05.2025 Ableger gebildet,Halbzarge Honigraum aufgesetzt ,,,,,,,,,,,,,,,,,,,,,,,,Nein,,,,,,28.2,einseitig
24.04.26 08:20,Volk 7,Zwirle 1,Zander,Zander flach (159mm),Liebig / Hohenheimer Einfachbeute,Ableger,,"11.05.2025 Ableger gebildet
25.06.2025 Neustart mit Königin aus Zuchtstoff von Belegstelle.",Honigraum leicht besetzt,Königin; Verdeckelte Brut; Larven; Stifte,,5,8,,,,,1,,,,,,,,,,,,,,,Nein,,,,,,17.1,einseitig
24.04.26 09:10,Volk 3,Zwirle 1,Zander,Zander flach (159mm),Liebig / Hohenheimer Einfachbeute,Ableger,,im Juni 2025 vermutlich still umgeweiselt,,,,,,,,,,,,,,,,,,,,,,,,,Nein,,,,,,26.4,einseitig
24.04.26 09:10,Volk 6,Zwirle 1,Zander,Zander flach (159mm),Liebig / Hohenheimer Einfachbeute,Ableger,,03.05.2025 Ableger gebildet,,,,,,,,,,,,,,,,,,,,,,,,,Nein,,,,,,18.2,einseitig
24.04.26 09:10,Volk 2,Zwirle 1,Zander,Zander flach (159mm),Liebig / Hohenheimer Einfachbeute,Wirtschaftsvolk,,ca 30.05.2025 umgeweiselt,,,,,,,,,,,,,,,,,,,,,,,,,Nein,,,,,,26.9,einseitig
24.04.26 09:10,Volk 5,Zwirle 1,Zander,Zander flach (159mm),Liebig / Hohenheimer Einfachbeute,Ableger,,03.05.2025 Ableger gebildet,,,,,,,,,,,,,,,,,,,,,,,,,Nein,,,,,,29.7,einseitig
24.04.26 09:10,Volk 9,Zwirle 1,Zander,Zander flach (159mm),Liebig / Hohenheimer Einfachbeute,Ableger,,13.06.2025 Volk aus Zuchtstoff von Belegstelle,,,,,,,,,,,,,,,,,,,,,,,,,Nein,,,,,,19.1,einseitig
24.04.26 09:10,Volk 4,Zwirle 1,Zander,Zander flach (159mm),Liebig / Hohenheimer Einfachbeute,Wirtschaftsvolk,,vermutlich im Juni 2025 umgeweiselt,,,,,,,,,,,,,,,,,,,,,,,,,Nein,,,,,,18.2,einseitig
24.04.26 09:10,Volk 1,Zwirle 1,Zander,Zander flach (159mm),Liebig / Hohenheimer Einfachbeute,Ableger,1,"27.04.2024 Ableger 3 und 4 gebildet aus Volk 1
27.04.2025 Königin aus Weiselprobe von Volk 4 gezogen.",,,,,,,,,,,,,,,,,,,,,,,,,Nein,,,,,,19.14,einseitig
24.04.26 09:10,Volk 8,Zwirle 1,Zander,Zander flach (159mm),Liebig / Hohenheimer Einfachbeute,Sonstiges,,"11.05.2025 Königinnenableger
Evtl 2025 still umgeweiselt?",,,,,,,,,,,,,,,,,,,,,,,,,Nein,,,,,,19.9,einseitig
24.04.26 11:30,Volk 8,Zwirle 1,Zander,Zander flach (159mm),Liebig / Hohenheimer Einfachbeute,Sonstiges,,"11.05.2025 Königinnenableger
Evtl 2025 still umgeweiselt?",Honigraum leicht besetzt,Königin; Stifte; Larven; Verdeckelte Brut,,,,,,,,,,,,,,Drohnenbrutschneiden,,,,,,,,,Nein,,,,,,19.6,einseitig
24.04.26 11:30,Volk 4,Zwirle 1,Zander,Zander flach (159mm),Liebig / Hohenheimer Einfachbeute,Wirtschaftsvolk,,vermutlich im Juni 2025 umgeweiselt,Honigraum nicht besetzt,Stifte; Larven; Verdeckelte Brut,,,,,,,,,,,,,,Drohnenbrutschneiden,,,,,,,,,Nein,,,,,,17.6,einseitig
24.04.26 11:30,Volk 9,Zwirle 1,Zander,Zander flach (159mm),Liebig / Hohenheimer Einfachbeute,Ableger,,13.06.2025 Volk aus Zuchtstoff von Belegstelle,Honigraum leicht besetzt,Königin; Stifte; Larven; Verdeckelte Brut,,,,,,,,,,,,,,Drohnenbrutschneiden,,,,,,,,,Nein,,,,,,18.7,einseitig
24.04.26 11:30,Volk 1,Zwirle 1,Zander,Zander flach (159mm),Liebig / Hohenheimer Einfachbeute,Ableger,1,"27.04.2024 Ableger 3 und 4 gebildet aus Volk 1
27.04.2025 Königin aus Weiselprobe von Volk 4 gezogen.",,Stifte; Larven; Verdeckelte Brut,,,,,,,,,,,,,,Drohnenbrutschneiden,,,,,,,,,Nein,,,,,,19.0,einseitig
24.04.26 11:30,Volk 6,Zwirle 1,Zander,Zander flach (159mm),Liebig / Hohenheimer Einfachbeute,Ableger,,03.05.2025 Ableger gebildet,"Honigraum nicht besetzt
Eher schwächer
Eine Wabe noch nicht ausgebaut",Stifte; Larven; Verdeckelte Brut,,,,,,,,,,,,,,,,,,,,,,,Nein,,,,,,17.9,einseitig
24.04.26 11:30,Volk 2,Zwirle 1,Zander,Zander flach (159mm),Liebig / Hohenheimer Einfachbeute,Wirtschaftsvolk,,ca 30.05.2025 umgeweiselt,Honigraum nicht besetzt,Stifte; Larven; Verdeckelte Brut,,,,,,,,,,,,,,Drohnenbrutschneiden,,,,,,,,,Nein,,,,,,26.4,einseitig
24.04.26 11:30,Volk 5,Zwirle 1,Zander,Zander flach (159mm),Liebig / Hohenheimer Einfachbeute,Ableger,,03.05.2025 Ableger gebildet,Honigraum nicht besetzt,Stifte; Larven; Verdeckelte Brut,,,,,,,,,,,,,,,,,,,,,,,Nein,,,,,,29.3,einseitig
24.04.26 11:30,Volk 3,Zwirle 1,Zander,Zander flach (159mm),Liebig / Hohenheimer Einfachbeute,Ableger,,im Juni 2025 vermutlich still umgeweiselt,Honigraum nicht besetzt,Königin; Stifte; Larven; Verdeckelte Brut,,,,,,,,,,,,,,Drohnenbrutschneiden,,,,,,,,,Nein,,,,,,25.8,einseitig
26.04.26 12:50,Volk 1,Zwirle 1,Zander,Zander flach (159mm),Liebig / Hohenheimer Einfachbeute,Ableger,1,"27.04.2024 Ableger 3 und 4 gebildet aus Volk 1
27.04.2025 Königin aus Weiselprobe von Volk 4 gezogen.",,,,,,,,,,,,,,,,,,,,,,,,,Nein,,,,,,20.5,einseitig
26.04.26 12:50,Volk 2,Zwirle 1,Zander,Zander flach (159mm),Liebig / Hohenheimer Einfachbeute,Wirtschaftsvolk,,ca 30.05.2025 umgeweiselt,,,,,,,,,,,,,,,,,,,,,,,,,Nein,,,,,,28.0,einseitig
26.04.26 13:00,Volk 3,Zwirle 1,Zander,Zander flach (159mm),Liebig / Hohenheimer Einfachbeute,Ableger,,im Juni 2025 vermutlich still umgeweiselt,,,,,,,,,,,,,,,,,,,,,,,,,Nein,,,,,,27.6,einseitig
26.04.26 13:00,Volk 4,Zwirle 1,Zander,Zander flach (159mm),Liebig / Hohenheimer Einfachbeute,Wirtschaftsvolk,,vermutlich im Juni 2025 umgeweiselt,,,,,,,,,,,,,,,,,,,,,,,,,Nein,,,,,,18.56,einseitig
26.04.26 13:00,Volk 5,Zwirle 1,Zander,Zander flach (159mm),Liebig / Hohenheimer Einfachbeute,Ableger,,03.05.2025 Ableger gebildet,,,,,,,,,,,,,,,,,,,,,,,,,Nein,,,,,,31.1,einseitig
26.04.26 13:00,Volk 6,Zwirle 1,Zander,Zander flach (159mm),Liebig / Hohenheimer Einfachbeute,Ableger,,03.05.2025 Ableger gebildet,,,,,,,,,,,,,,,,,,,,,,,,,Nein,,,,,,19.0,einseitig
26.04.26 13:00,Volk 8,Zwirle 1,Zander,Zander flach (159mm),Liebig / Hohenheimer Einfachbeute,Sonstiges,,"11.05.2025 Königinnenableger
Evtl 2025 still umgeweiselt?",,,,,,,,,,,,,,,,,,,,,,,,,Nein,,,,,,20.8,einseitig
26.04.26 13:00,Volk 9,Zwirle 1,Zander,Zander flach (159mm),Liebig / Hohenheimer Einfachbeute,Ableger,,13.06.2025 Volk aus Zuchtstoff von Belegstelle,,,,,,,,,,,,,,,,,,,,,,,,,Nein,,,,,,19.6,einseitig
26.04.26 13:30,Volk 7,Zwirle 1,Zander,Zander flach (159mm),Liebig / Hohenheimer Einfachbeute,Ableger,,"11.05.2025 Ableger gebildet
25.06.2025 Neustart mit Königin aus Zuchtstoff von Belegstelle.",,,,,,,,,,,,,,,,,,,,,,,,,Nein,,,,,,17.4,einseitig
29.04.26 18:50,Volk 3,Zwirle 1,Zander,Zander flach (159mm),Liebig / Hohenheimer Einfachbeute,Ableger,,im Juni 2025 vermutlich still umgeweiselt,,,,,,,,,,,,,,,,,,,,,,,,,Nein,,,,,,32.4,einseitig
29.04.26 18:50,Volk 6,Zwirle 1,Zander,Zander flach (159mm),Liebig / Hohenheimer Einfachbeute,Ableger,,03.05.2025 Ableger gebildet,,,,,,,,,,,,,,,,,,,,,,,,,Nein,,,,,,21.8,einseitig
29.04.26 18:50,Volk 9,Zwirle 1,Zander,Zander flach (159mm),Liebig / Hohenheimer Einfachbeute,Ableger,,13.06.2025 Volk aus Zuchtstoff von Belegstelle,,,,,,,,,,,,,,,,,,,,,,,,,Nein,,,,,,22.3,einseitig
29.04.26 18:50,Volk 4,Zwirle 1,Zander,Zander flach (159mm),Liebig / Hohenheimer Einfachbeute,Wirtschaftsvolk,,vermutlich im Juni 2025 umgeweiselt,,,,,,,,,,,,,,,,,,,,,,,,,Nein,,,,,,21.1,einseitig
29.04.26 18:50,Volk 2,Zwirle 1,Zander,Zander flach (159mm),Liebig / Hohenheimer Einfachbeute,Wirtschaftsvolk,,ca 30.05.2025 umgeweiselt,,,,,,,,,,,,,,,,,,,,,,,,,Nein,,,,,,32.7,einseitig
29.04.26 18:50,Volk 8,Zwirle 1,Zander,Zander flach (159mm),Liebig / Hohenheimer Einfachbeute,Sonstiges,,"11.05.2025 Königinnenableger
Evtl 2025 still umgeweiselt?",,,,,,,,,,,,,,,,,,,,,,,,,Nein,,,,,,24.1,einseitig
29.04.26 18:50,Volk 5,Zwirle 1,Zander,Zander flach (159mm),Liebig / Hohenheimer Einfachbeute,Ableger,,03.05.2025 Ableger gebildet,,,,,,,,,,,,,,,,,,,,,,,,,Nein,,,,,,35.0,einseitig
29.04.26 18:50,Volk 1,Zwirle 1,Zander,Zander flach (159mm),Liebig / Hohenheimer Einfachbeute,Ableger,1,"27.04.2024 Ableger 3 und 4 gebildet aus Volk 1
27.04.2025 Königin aus Weiselprobe von Volk 4 gezogen.",,,,,,,,,,,,,,,,,,,,,,,,,Nein,,,,,,24.1,einseitig
29.04.26 19:40,Volk 7,Zwirle 1,Zander,Zander flach (159mm),Liebig / Hohenheimer Einfachbeute,Ableger,,"11.05.2025 Ableger gebildet
25.06.2025 Neustart mit Königin aus Zuchtstoff von Belegstelle.",,,,,,,,,,,,,,,,,,,,,,,,,Nein,,,,,,18.9,einseitig
02.05.26 08:40,Volk 3,Zwirle 1,Zander,Zander flach (159mm),Liebig / Hohenheimer Einfachbeute,Ableger,,im Juni 2025 vermutlich still umgeweiselt,Honigraum ok angenommen,Königin; Stifte; Larven; Verdeckelte Brut; Weiselzellen,,,,,,,,,,,,,,,,,,,,,,,Nein,,,,,,33.8,einseitig
02.05.26 08:40,Volk 6,Zwirle 1,Zander,Zander flach (159mm),Liebig / Hohenheimer Einfachbeute,Ableger,,03.05.2025 Ableger gebildet,,,,,,,,,,,,,,,,,,,,,,,,,Nein,,,,,,22.9,einseitig
02.05.26 08:40,Volk 8,Zwirle 1,Zander,Zander flach (159mm),Liebig / Hohenheimer Einfachbeute,Sonstiges,,"11.05.2025 Königinnenableger
Evtl 2025 still umgeweiselt?",,,,,,,,,,,,,,,,,,,,,,,,,Nein,,,,,,25.2,einseitig
02.05.26 08:40,Volk 2,Zwirle 1,Zander,Zander flach (159mm),Liebig / Hohenheimer Einfachbeute,Wirtschaftsvolk,,ca 30.05.2025 umgeweiselt,oberer Brutraum stark verhonigt,Stifte; Larven; Verdeckelte Brut; Weiselzellen,,,,,,,,,,,,,,,,,,,,,,,Nein,,,,,,34.3,einseitig
02.05.26 08:40,Volk 5,Zwirle 1,Zander,Zander flach (159mm),Liebig / Hohenheimer Einfachbeute,Ableger,,03.05.2025 Ableger gebildet,,,,,,,,,,,,,,,,,,,,,,,,,Nein,,,,,,33.2,einseitig
02.05.26 08:40,Volk 4,Zwirle 1,Zander,Zander flach (159mm),Liebig / Hohenheimer Einfachbeute,Wirtschaftsvolk,,vermutlich im Juni 2025 umgeweiselt,Honigraum gut angenommen,Stifte; Larven; Verdeckelte Brut,,,,,,,,,,,,,,,,,,,,,,,Nein,,,,,,22.5,einseitig
02.05.26 08:40,Volk 1,Zwirle 1,Zander,Zander flach (159mm),Liebig / Hohenheimer Einfachbeute,Ableger,1,"27.04.2024 Ableger 3 und 4 gebildet aus Volk 1
27.04.2025 Königin aus Weiselprobe von Volk 4 gezogen.",,,,,,,,,,,,,,,,,,,,,,,,,Nein,,,,,,25.7,einseitig
02.05.26 08:40,Volk 9,Zwirle 1,Zander,Zander flach (159mm),Liebig / Hohenheimer Einfachbeute,Ableger,,13.06.2025 Volk aus Zuchtstoff von Belegstelle,,,,,,,,,,,,,,,,,,,,,,,,,Nein,,,,,,23.6,einseitig
02.05.26 11:00,Volk 8,Zwirle 1,Zander,Zander flach (159mm),Liebig / Hohenheimer Einfachbeute,Sonstiges,,"11.05.2025 Königinnenableger
Evtl 2025 still umgeweiselt?","Brutwabe mit verdeckelter Weiselzelle entnommen
Honigraum recht gut angenommen",Stifte; Larven; Verdeckelte Brut; Weiselzellen,,,,,,-1,,,,,,,,,,,,,,,,,Nein,,,,,,24.8,einseitig
02.05.26 11:00,Volk 5,Zwirle 1,Zander,Zander flach (159mm),Liebig / Hohenheimer Einfachbeute,Ableger,,03.05.2025 Ableger gebildet,Honigraum nicht angenommen,Stifte; Larven; Verdeckelte Brut; Weiselzellen,,,,,,,,,,,,,,Drohnenbrutschneiden,,,,,,,,,Nein,,,,,,32.0,einseitig
02.05.26 11:00,Volk 1,Zwirle 1,Zander,Zander flach (159mm),Liebig / Hohenheimer Einfachbeute,Ableger,1,"27.04.2024 Ableger 3 und 4 gebildet aus Volk 1
27.04.2025 Königin aus Weiselprobe von Volk 4 gezogen.",3.Honigraum gegeben,Stifte; Larven; Verdeckelte Brut,,,,,,,,,,,,,,,,,,,,,,,Nein,,,,,,28.8,einseitig
02.05.26 11:00,Volk 6,Zwirle 1,Zander,Zander flach (159mm),Liebig / Hohenheimer Einfachbeute,Ableger,,03.05.2025 Ableger gebildet,"Honigraum sehr gut angenommen
3. Honigraum aufgesetzt",Königin; Larven; Verdeckelte Brut; Stifte,,,,,,,,,,,,,,Drohnenbrutschneiden,,,,,,,,,Nein,,,,,,25.2,einseitig
02.05.26 11:00,Volk 9,Zwirle 1,Zander,Zander flach (159mm),Liebig / Hohenheimer Einfachbeute,Ableger,,13.06.2025 Volk aus Zuchtstoff von Belegstelle,"Honigraum recht gut angenommen, 3. Honigraum gegeben",Stifte; Larven; Verdeckelte Brut,,,,,,,,,,,,,,,,,,,,,,,Nein,,,,,,26.4,einseitig
02.05.26 12:40,Volk 7,Zwirle 1,Zander,Zander flach (159mm),Liebig / Hohenheimer Einfachbeute,Ableger,,"11.05.2025 Ableger gebildet
25.06.2025 Neustart mit Königin aus Zuchtstoff von Belegstelle.",,,,,,,,,,,,,,,,,,,,,,,,,Nein,,,,,,20.5,einseitig
